REGION;PROVINCIA;DISTRITO;ZONA_SISMICA
LORETO;MARISCAL RAMON CASTILLA;RAMON CASTILLA;1
LORETO;MARISCAL RAMON CASTILLA;PEBAS;1
LORETO;MARISCAL RAMON CASTILLA;SAN PABLO;1
LORETO;MARISCAL RAMON CASTILLA;YAVARI;1
LORETO;MAYNAS;ALTO NANAY;2
LORETO;MAYNAS;BELEN;2
LORETO;MAYNAS;FERNANDO LORES;2
LORETO;MAYNAS;INDIANA;2
LORETO;MAYNAS;IQUITOS;2
LORETO;MAYNAS;LAS AMAZONAS;2
LORETO;MAYNAS;MAZAN;2
LORETO;MAYNAS;NAPO;2
LORETO;MAYNAS;PUNCHANA;2
LORETO;MAYNAS;PUTUMAYO;2
LORETO;MAYNAS;SAN JUAN BAUTISTA;2
LORETO;MAYNAS;TNTE. MANUEL CLAVERO;2
LORETO;MAYNAS;TORRES CAUSANA;2
LORETO;REOUENA;SAOUENA;1
LORETO;REOUENA;REOUENA;1
LORETO;REOUENA;CAPELO;1
LORETO;REOUENA;SOPLIN;1
LORETO;REOUENA;TAPICHE;1
LORETO;REOUENA;JENARO HERRERA;1
LORETO;REOUENA;YAOUERANA;1
LORETO;REOUENA;ALTO TAPICHE;1
LORETO;REOUENA;EMILIO SAN MARTIN;1
LORETO;REOUENA;MAQUIA;1
LORETO;REOUENA;PUINAHUA;1
LORETO;LORETO;NAUTA;2
LORETO;LORETO;PARINARI;2
LORETO;LORETO;TIGRE;2
LORETO;LORETO;TROMPETEROS;2
LORETO;LORETO;URARINAS;2
LORETO;ALTO AMAZONAS;LAGUNAS;2
LORETO;ALTO AMAZONAS;YURIMAGUAS;3
LORETO;ALTO AMAZONAS;BALSAPUERTO;3
LORETO;ALTO AMAZONAS;JEBEROS;3
LORETO;ALTO AMAZONAS;SANTA CRUZ;3
LORETO;ALTO AMAZONAS;TNTE. CESAR LOPEZ ROJAS;3
LORETO;UCAYALI;CONTAMANA;2
LORETO;UCAYALI;INAHUAYA;2
LORETO;UCAYALI;PADRE MAROUEZ;2
LORETO;UCAYALI;PAMPA HERMOSA;2
LORETO;UCAYALI;SARAYACU;2
LORETO;UCAYALI;ALFREDO VARGAS GUERRA;2
LORETO;UCAYALI;YANAYACU;2
LORETO;DATEM DEL MARATON;MANSERICHE;2
LORETO;DATEM DEL MARATON;MORONA;2
LORETO;DATEM DEL MARATON;PASTAZA;2
LORETO;DATEM DEL MARATON;ANDOAS;2
LORETO;DATEM DEL MARATON;BARRANCA;3
LORETO;DATEM DEL MARATON;CAHUAPANAS;3
UCAYALI;PURUS;PURUS;1
UCAYALI;ATALAYA;RAIMONDI;2
UCAYALI;ATALAYA;SEPAHUA;2
UCAYALI;ATALAYA;TAHUANIA;2
UCAYALI;ATALAYA;YURUA;2
UCAYALI;PADRE ABAD;CURIMANA;2
UCAYALI;PADRE ABAD;IRAZOLA;2
UCAYALI;PADRE ABAD;PADRE ABAD;2
UCAYALI;CORONEL PORTILLO;CALLERIA;2
UCAYALI;CORONEL PORTILLO;CAMPOVERDE;2
UCAYALI;CORONEL PORTILLO;IPARIA;2
UCAYALI;CORONEL PORTILLO;MANANTAY;2
UCAYALI;CORONEL PORTILLO;MASISEA;2
UCAYALI;CORONEL PORTILLO;NUEVA REOUENA;2
UCAYALI;CORONEL PORTILLO;YARINACOCHA;2
MADRE DE DIOS;TAMBOPATA;INAMBARI;1
MADRE DE DIOS;TAMBOPATA;LABERINTO;1
MADRE DE DIOS;TAMBOPATA;LAS PIEDRAS;1
MADRE DE DIOS;TAMBOPATA;TAMBOPATA;1
MADRE DE DIOS;TAHUAMANU;IBERIA;1
MADRE DE DIOS;TAHUAMANU;IÑAPARI;1
MADRE DE DIOS;TAHUAMANU;TAHUAMANU;1
MADRE DE DIOS;MANU;FITZCARRALD;2
MADRE DE DIOS;MANU;HUEPETUHE;2
MADRE DE DIOS;MANU;MADRE DE DIOS;2
MADRE DE DIOS;MANU;MANU;2
PUNO;SANDIA;ALTO INAMBARI;1
PUNO;SANDIA;SAN JUAN DEL ORO;1
PUNO;SANDIA;YANAHUAYA;1
PUNO;SANDIA;CUYOCUYO;2
PUNO;SANDIA;LIMBANI;2
PUNO;SANDIA;PATAMBUCO;2
PUNO;SANDIA;PHARA;2
PUNO;SANDIA;QUIACA;2
PUNO;SANDIA;SANPEDRO DE PUTNA PUNCO;2
PUNO;SANDIA;SANDIA;2
PUNO;SAN ANTONIO DE PUTINA;ANANEA;2
PUNO;SAN ANTONIO DE PUTINA;OUILCAPUNCU;2
PUNO;SAN ANTONIO DE PUTINA;SINA;2
PUNO;SAN ANTONIO DE PUTINA;PEDRO VILCA APAZA;2
PUNO;SAN ANTONIO DE PUTINA;PUTINA;2
PUNO;CARABAYA;AYAPATA;2
PUNO;CARABAYA;COASA;2
PUNO;CARABAYA;CRUCERO;2
PUNO;CARABAYA;ITUATA;2
PUNO;CARABAYA;SAN GABAN;2
PUNO;CARABAYA;USICAYOS;2
PUNO;CARABAYA;AJOYANI;2
PUNO;CARABAYA;CORANI;2
PUNO;CARABAYA;MACUSANI;2
PUNO;CARABAYA;OLLACHEA;2
PUNO;HUANCANE;COJATA;2
PUNO;HUANCANE;HUANCANE;2
PUNO;HUANCANE;HUATASANI;2
PUNO;HUANCANE;INCHUPALLA;2
PUNO;HUANCANE;PUSI;2
PUNO;HUANCANE;ROSASPATA;2
PUNO;HUANCANE;TARACO;2
PUNO;HUANCANE;VILQUE CHICO;2
PUNO;MOHO;HUAYRAPATA;2
PUNO;MOHO;MOHO;2
PUNO;MOHO;CONIMA;2
PUNO;MOHO;TILALI;2
PUNO;PUNO;COATA;2
PUNO;PUNO;CAPACHICA;2
PUNO;PUNO;AMANTANI;2
PUNO;PUNO;ACORA;3
PUNO;PUNO;ATUNCOLLA;3
PUNO;PUNO;CHUCUITO;3
PUNO;PUNO;HUATA;3
PUNO;PUNO;MAÑAZO;3
PUNO;PUNO;PAUCARCOLLA;3
PUNO;PUNO;PICHACANI;3
PUNO;PUNO;PLATERIA;3
PUNO;PUNO;PUNO;3
PUNO;PUNO;SAN ANTONIO;3
PUNO;PUNO;TIQUILLACA;3
PUNO;PUNO;VILQUE;3
PUNO;AZANGARO;AZANGARO;2
PUNO;AZANGARO;ACHAYA;2
PUNO;AZANGARO;ARAPA;2
PUNO;AZANGARO;ASILLO;2
PUNO;AZANGARO;CAMINACA;2
PUNO;AZANGARO;CHUPA;2
PUNO;AZANGARO;JOSE DOMINGO CHOQUEHUANCA;2
PUNO;AZANGARO;MUÑANI;2
PUNO;AZANGARO;POTONI;2
PUNO;AZANGARO;SAMAN;2
PUNO;AZANGARO;SAN ANTON;2
PUNO;AZANGARO;SAN JOSE;2
PUNO;AZANGARO;SAN JUAN DE SALINAS;2
PUNO;AZANGARO;SANTIAGO DE PUPUJA;2
PUNO;AZANGARO;TIRAPATA;2
PUNO;CHUCUITO;DESAGUADERO;3
PUNO;CHUCUITO;HUACULLANI;3
PUNO;CHUCUITO;JULI;3
PUNO;CHUCUITO;KELLUYO;3
PUNO;CHUCUITO;PISACOMA;3
PUNO;CHUCUITO;POMATA;3
PUNO;CHUCUITO;ZEPITA;3
PUNO;EL COLLAO;CAPAZO;3
PUNO;EL COLLAO;CONDURIRI;3
PUNO;EL COLLAO;ILAVE;3
PUNO;EL COLLAO;PILCUYO;3
PUNO;EL COLLAO;SANTA ROSA;3
PUNO;LAMPA;CALAPUJA;2
PUNO;LAMPA;NICASIO;2
PUNO;LAMPA;PUCARA;2
PUNO;LAMPA;CABANILLA;3
PUNO;LAMPA;LAMPA;3
PUNO;LAMPA;OCUVIRI;3
PUNO;LAMPA;PALCA;3
PUNO;LAMPA;PARATIA;3
PUNO;LAMPA;SANTA LUCIA;3
PUNO;LAMPA;VILAVILA;3
PUNO;MELGAR;ANTAUTA;2
PUNO;MELGAR;AYAVIRI;2
PUNO;MELGAR;CUPI;2
PUNO;MELGAR;LLALLI;2
PUNO;MELGAR;MACARI;2
PUNO;MELGAR;NUÑOA;2
PUNO;MELGAR;ORURILLO;2
PUNO;MELGAR;SANTA ROSA;2
PUNO;MELGAR;UMACHIRI;2
PUNO;SAN ROMAN;JULIACA;3
PUNO;SAN ROMAN;CABANA;3
PUNO;SAN ROMAN;CABANILLAS;3
PUNO;SAN ROMAN;CARACOTO;3
PUNO;YUNGUYO;YUNGUYO;3
PUNO;YUNGUYO;ANAPIA;3
PUNO;YUNGUYO;COPANI;3
PUNO;YUNGUYO;CUTURAPI;3
PUNO;YUNGUYO;OLLARAYA;3
PUNO;YUNGUYO;TINICACHI;3
PUNO;YUNGUYO;UNICACHI;3
AMAZONAS;CAHACHAPOYAS;ASUNCION;2
AMAZONAS;CAHACHAPOYAS;BALSAS;2
AMAZONAS;CAHACHAPOYAS;CHACHAPOYAS;2
AMAZONAS;CAHACHAPOYAS;CHETO;2
AMAZONAS;CAHACHAPOYAS;CHILIQUIN;2
AMAZONAS;CAHACHAPOYAS;CHUQUIBAMBA;2
AMAZONAS;CAHACHAPOYAS;GRANADA;2
AMAZONAS;CAHACHAPOYAS;HUANCAS;2
AMAZONAS;CAHACHAPOYAS;LA JALCA;2
AMAZONAS;CAHACHAPOYAS;LEVANTO;2
AMAZONAS;CAHACHAPOYAS;LEYMEBAMBA;2
AMAZONAS;CAHACHAPOYAS;MAGDALENA;2
AMAZONAS;CAHACHAPOYAS;MARISCAL CASTILLA;2
AMAZONAS;CAHACHAPOYAS;MOLINOPAMPA;2
AMAZONAS;CAHACHAPOYAS;MONTEVIDEO;2
AMAZONAS;CAHACHAPOYAS;OLLEROS;2
AMAZONAS;CAHACHAPOYAS;QUINJALCA;2
AMAZONAS;CAHACHAPOYAS;SAN FRANCISCO DE DAGUAS;2
AMAZONAS;CAHACHAPOYAS;SAN ISIDRO DE MAINO;2
AMAZONAS;CAHACHAPOYAS;SOLOCO;2
AMAZONAS;CAHACHAPOYAS;SONCHE;2
AMAZONAS;BAGUA;ARAMANGO;2
AMAZONAS;BAGUA;BAGUA;2
AMAZONAS;BAGUA;COPALLIN;2
AMAZONAS;BAGUA;EL PARCO;2
AMAZONAS;BAGUA;IMAZA;2
AMAZONAS;BAGUA;LA PECA;2
AMAZONAS;BONGARA;CHISQUILLA;2
AMAZONAS;BONGARA;CHURUJA;2
AMAZONAS;BONGARA;COROSHA;2
AMAZONAS;BONGARA;CUISPES;2
AMAZONAS;BONGARA;FLORIDA;2
AMAZONAS;BONGARA;JAZAN;2
AMAZONAS;BONGARA;JUMBILLA;2
AMAZONAS;BONGARA;RECTA;2
AMAZONAS;BONGARA;SAN CARLOS;2
AMAZONAS;BONGARA;SHIPASBAMBA;2
AMAZONAS;BONGARA;VALERA;2
AMAZONAS;BONGARA;YAMBRASBAMBA;2
AMAZONAS;CONDORCANQUI;EL CENEPA;2
AMAZONAS;CONDORCANQUI;NIEVA;2
AMAZONAS;CONDORCANQUI;RIO SANTIAGO;2
AMAZONAS;LUYA;CAMPORREDONDO;2
AMAZONAS;LUYA;COCABAMBA;2
AMAZONAS;LUYA;COLCAMAR;2
AMAZONAS;LUYA;CONILA;2
AMAZONAS;LUYA;INGUILPATA;2
AMAZONAS;LUYA;LAMUD;2
AMAZONAS;LUYA;LONGUITA;2
AMAZONAS;LUYA;LONYA CHICO;2
AMAZONAS;LUYA;LUYA;2
AMAZONAS;LUYA;LUYA VIEJO;2
AMAZONAS;LUYA;MARIA;2
AMAZONAS;LUYA;OCALLI;2
AMAZONAS;LUYA;OCUMAL;2
AMAZONAS;LUYA;PISUQUIA;2
AMAZONAS;LUYA;PROVIDENCIA;2
AMAZONAS;LUYA;SAN CRISTOBAL;2
AMAZONAS;LUYA;SAN FRANCISCO DEL YESO;2
AMAZONAS;LUYA;SAN JERONIMO;2
AMAZONAS;LUYA;SAN JUAN DE LOPECANCHA;2
AMAZONAS;LUYA;SANTA CATALINA;2
AMAZONAS;LUYA;SANTO TOMAS;2
AMAZONAS;LUYA;TINGO;2
AMAZONAS;LUYA;TRITA;2
AMAZONAS;UTCUBAMBA;BAGUA GRANDE;2
AMAZONAS;UTCUBAMBA;CAJARURO;2
AMAZONAS;UTCUBAMBA;CUMBA;2
AMAZONAS;UTCUBAMBA;EL MILAGRO;2
AMAZONAS;UTCUBAMBA;JAMALCA;2
AMAZONAS;UTCUBAMBA;LONYA GRANDE;2
AMAZONAS;UTCUBAMBA;YAMON;2
AMAZONAS;RODRIGUEZ DE MENDOZA;CHIRIMOTO;2
AMAZONAS;RODRIGUEZ DE MENDOZA;COCHAMAL;2
AMAZONAS;RODRIGUEZ DE MENDOZA;HUAMBO;2
AMAZONAS;RODRIGUEZ DE MENDOZA;LIMABAMBA;2
AMAZONAS;RODRIGUEZ DE MENDOZA;LONGAR;2
AMAZONAS;RODRIGUEZ DE MENDOZA;MARISCAL BENAVIDES;2
AMAZONAS;RODRIGUEZ DE MENDOZA;MILPUC;2
AMAZONAS;RODRIGUEZ DE MENDOZA;OMIA;2
AMAZONAS;RODRIGUEZ DE MENDOZA;SAN NICOLAS;2
AMAZONAS;RODRIGUEZ DE MENDOZA;SANTA ROSA;2
AMAZONAS;RODRIGUEZ DE MENDOZA;TOTORA;2
AMAZONAS;RODRIGUEZ DE MENDOZA;VISTA ALEGRE;3
SAN MARTIN;BELLAVISTA;BELLAVISTA;2
SAN MARTIN;BELLAVISTA;ALTO BIAVO;2
SAN MARTIN;BELLAVISTA;BAJO BIAVO;2
SAN MARTIN;BELLAVISTA;HUALLAGA;2
SAN MARTIN;BELLAVISTA;SAN PABLO;2
SAN MARTIN;BELLAVISTA;SAN RAFAEL;2
SAN MARTIN;HUALLAGA;SAPOSOA;2
SAN MARTIN;HUALLAGA;EL ESLABON;2
SAN MARTIN;HUALLAGA;PISCOYACU;2
SAN MARTIN;HUALLAGA;SACANCHE;2
SAN MARTIN;HUALLAGA;TINGO DE SAPOSOA;2
SAN MARTIN;HUALLAGA;ALTO SAPOSOA;2
SAN MARTIN;LAMAS;LAMAS;3
SAN MARTIN;LAMAS;ALONSO DE ALVARADO;3
SAN MARTIN;LAMAS;BARRANQUILLA;3
SAN MARTIN;LAMAS;CAYNARACHI;3
SAN MARTIN;LAMAS;CUÑUMBUQUI;3
SAN MARTIN;LAMAS;PINTO RECODO;3
SAN MARTIN;LAMAS;RUMISAPA;3
SAN MARTIN;LAMAS;SAN ROQUE DE CUMBAZA;3
SAN MARTIN;LAMAS;SHANAO;3
SAN MARTIN;LAMAS;TABALOSOS;3
SAN MARTIN;LAMAS;ZAPATEROS;3
SAN MARTIN;MARISCAL CACERES;JUANJUI;2
SAN MARTIN;MARISCAL CACERES;CAMPANILLA;2
SAN MARTIN;MARISCAL CACERES;HUICUNGO;2
SAN MARTIN;MARISCAL CACERES;PACHIZA;2
SAN MARTIN;MARISCAL CACERES;PAJARILLO;2
SAN MARTIN;MARISCAL CACERES;JUANJUICILLO;2
SAN MARTIN;PICOTA;PICOTA;2
SAN MARTIN;PICOTA;BUENOS AIRES;2
SAN MARTIN;PICOTA;CASPISAPA;2
SAN MARTIN;PICOTA;PILLUANA;2
SAN MARTIN;PICOTA;PUCACACA;2
SAN MARTIN;PICOTA;SAN CRISTOBAL;2
SAN MARTIN;PICOTA;SAN HILARION;2
SAN MARTIN;PICOTA;SHAMBOYACU;2
SAN MARTIN;PICOTA;TINGO DE PONAZA;2
SAN MARTIN;PICOTA;TRES UNIDOS;2
SAN MARTIN;MOYOBAMBA;MOYOBAMBA;3
SAN MARTIN;MOYOBAMBA;CALZADA;3
SAN MARTIN;MOYOBAMBA;HABANA;3
SAN MARTIN;MOYOBAMBA;JEPELACIO;3
SAN MARTIN;MOYOBAMBA;SORITOR;3
SAN MARTIN;MOYOBAMBA;YANTALO;3
SAN MARTIN;RIOJA;RIOJA;3
SAN MARTIN;RIOJA;AWAJUN;3
SAN MARTIN;RIOJA;ELIAS SOPLIN VARGAS;3
SAN MARTIN;RIOJA;NUEVA CAJAMARCA;3
SAN MARTIN;RIOJA;PARDO MIGUEL;3
SAN MARTIN;RIOJA;POSIC;3
SAN MARTIN;RIOJA;SAN FERNANDO;3
SAN MARTIN;RIOJA;YORONGOS;3
SAN MARTIN;RIOJA;YURACYACU;3
SAN MARTIN;SAN MARTIN;CHIPURANA;2
SAN MARTIN;SAN MARTIN;EL PORVENIR;2
SAN MARTIN;SAN MARTIN;HUIMBAYOC;2
SAN MARTIN;SAN MARTIN;PAPAPLAYA;2
SAN MARTIN;SAN MARTIN;TARAPOTO;3
SAN MARTIN;SAN MARTIN;ALBERTO LEVEU;3
SAN MARTIN;SAN MARTIN;CACATACHI;3
SAN MARTIN;SAN MARTIN;CHAZUTA;3
SAN MARTIN;SAN MARTIN;JUAN GUERRA;3
SAN MARTIN;SAN MARTIN;LA BANDA DE SHILCAYO;3
SAN MARTIN;SAN MARTIN;MORALES;3
SAN MARTIN;SAN MARTIN;SAN ANTONIO;3
SAN MARTIN;SAN MARTIN;SAUCE;3
SAN MARTIN;SAN MARTIN;SHAPAJA;3
SAN MARTIN;TOCACHE;TOCACHE;2
SAN MARTIN;TOCACHE;NUEVO PROGRESO;2
SAN MARTIN;TOCACHE;POLVORA;2
SAN MARTIN;TOCACHE;SHUNTE;2
SAN MARTIN;TOCACHE;UCHIZA;2
SAN MARTIN;EL DORADO;SAN JOSE DE SISA;3
SAN MARTIN;EL DORADO;AGUA BLANCA;3
SAN MARTIN;EL DORADO;SAN MARTIN;3
SAN MARTIN;EL DORADO;SANTA ROSA;3
SAN MARTIN;EL DORADO;SHANTOJA;3
HUANUCO;HUANUCO;HUANUCO;2
HUANUCO;HUANUCO;AMARILIS;2
HUANUCO;HUANUCO;CHINCHAO;2
HUANUCO;HUANUCO;CHURUMBAMBA;2
HUANUCO;HUANUCO;MARGOS;2
HUANUCO;HUANUCO;PILLCO MARCA;2
HUANUCO;HUANUCO;QUISQUI;2
HUANUCO;HUANUCO;SAN FRANCISCO DE CAYRAN;2
HUANUCO;HUANUCO;SAN PEDRO DE CHAULAN;2
HUANUCO;HUANUCO;SANTA MARIA DEL VALLE;2
HUANUCO;HUANUCO;YARUMAYO;2
HUANUCO;HUANUCO;YACUS;2
HUANUCO;HUANUCO;SAN PABLO DE PILLAO;2
HUANUCO;HUACAYBAMBA;HUACAYBAMBA;2
HUANUCO;HUACAYBAMBA;CANCHABAMBA;2
HUANUCO;HUACAYBAMBA;COCHABAMBA;2
HUANUCO;HUACAYBAMBA;PINRA;2
HUANUCO;LEONCIO PRADO;RUPA-RUPA;2
HUANUCO;LEONCIO PRADO;JOSE CRESPO Y CASTILLO;2
HUANUCO;LEONCIO PRADO;MARIANO DAMASO BERAUN;2
HUANUCO;LEONCIO PRADO;DANIEL ALOMIA ROBLES;2
HUANUCO;LEONCIO PRADO;FELIPE LUYANDO;2
HUANUCO;LEONCIO PRADO;HERMILIO VALDIZAN;2
HUANUCO;LEONCIO PRADO;CASTILLO GRANDE;2
HUANUCO;LEONCIO PRADO;PUCAYACU;2
HUANUCO;LEONCIO PRADO;SANTO DOMINGO DE ANDA;2
HUANUCO;MARAÑON;HUACACHUCRO;2
HUANUCO;MARAÑON;CHOLON;2
HUANUCO;MARAÑON;SAN BUENAVENTURA;2
HUANUCO;MARAÑON;LA MORADA;2
HUANUCO;MARAÑON;SANTA ROSA DE ALTO YANAJANCA;2
HUANUCO;PUERTO INCA;PUERTO INCA;2
HUANUCO;PUERTO INCA;CODO DEL POZUZO;2
HUANUCO;PUERTO INCA;HONORIA;2
HUANUCO;PUERTO INCA;TOURNAVISTA;2
HUANUCO;PUERTO INCA;YUYAPICHIS;2
HUANUCO;YAROWILCA;CHAVINILLO;2
HUANUCO;YAROWILCA;CAHUAC;2
HUANUCO;YAROWILCA;CHACABAMBA;2
HUANUCO;YAROWILCA;CHUPAN;2
HUANUCO;YAROWILCA;JACAS CHICO;2
HUANUCO;YAROWILCA;OBAS;2
HUANUCO;YAROWILCA;PAMPAMARCA;2
HUANUCO;YAROWILCA;CHORAS;2
HUANUCO;PACHITEA;PANAO;2
HUANUCO;PACHITEA;CHAGLLA;2
HUANUCO;PACHITEA;MOLINO;2
HUANUCO;PACHITEA;UMARI;2
HUANUCO;AMBO;AMBO;2
HUANUCO;AMBO;CAYNA;2
HUANUCO;AMBO;COLPAS;2
HUANUCO;AMBO;CONCHAMARCA;2
HUANUCO;AMBO;HUACAR;2
HUANUCO;AMBO;SAN FRANCISCO;2
HUANUCO;AMBO;SAN RAFAEL;2
HUANUCO;AMBO;TOMAY KICHWA;2
HUANUCO;HUAMALIES;ARANCAY;2
HUANUCO;HUAMALIES;CHAVIN DE PARIARCA;2
HUANUCO;HUAMALIES;JACAS GRANDE;2
HUANUCO;HUAMALIES;JIRCAN;2
HUANUCO;HUAMALIES;MONZON;2
HUANUCO;HUAMALIES;PUNCHAO;2
HUANUCO;HUAMALIES;SINGA;2
HUANUCO;HUAMALIES;TANTAMAYO;2
HUANUCO;HUAMALIES;LLATA;3
HUANUCO;HUAMALIES;MIRAFLORES;3
HUANUCO;HUAMALIES;PUÑOS;3
HUANUCO;DOS DE MAYO;CHUQUIS;2
HUANUCO;DOS DE MAYO;MARIAS;2
HUANUCO;DOS DE MAYO;QUIVILLA;2
HUANUCO;DOS DE MAYO;LA UNION;3
HUANUCO;DOS DE MAYO;PACHAS;3
HUANUCO;DOS DE MAYO;RIPAN;3
HUANUCO;DOS DE MAYO;SHUNQUI;3
HUANUCO;DOS DE MAYO;SILLAPATA;3
HUANUCO;DOS DE MAYO;YANAS;3
HUANUCO;LAURICOCHA;BAÑOS;3
HUANUCO;LAURICOCHA;JESUS;3
HUANUCO;LAURICOCHA;JIVIA;3
HUANUCO;LAURICOCHA;QUEROPALCA;3
HUANUCO;LAURICOCHA;RONDOS;3
HUANUCO;LAURICOCHA;SAN FRANCISCO DE ASIS;3
HUANUCO;LAURICOCHA;SAN MIGUEL DE CAURI;3
PASCO;OXAPAMPA;OXAPAMPA;2
PASCO;OXAPAMPA;CHONTABAMBA;2
PASCO;OXAPAMPA;HUANCABAMBA;2
PASCO;OXAPAMPA;PALCAZU;2
PASCO;OXAPAMPA;POZUZO;2
PASCO;OXAPAMPA;PUERTO BERMUDEZ;2
PASCO;OXAPAMPA;VILLA RICA;2
PASCO;PASCO;HUACHON;2
PASCO;PASCO;HUARIACA;2
PASCO;PASCO;NINACACA;2
PASCO;PASCO;PALLANCHACRA;2
PASCO;PASCO;PAUCARTAMBO;2
PASCO;PASCO;SAN FRANCISCO DE ASIS DE YARUSYACAN;2
PASCO;PASCO;TICLACAYAN;2
PASCO;PASCO;YANACANCHA;2
PASCO;PASCO;CHAUPIMARCA (c. de Pasco);3
PASCO;PASCO;HUAYLLAY;3
PASCO;PASCO;SIMON BOLIVAR;3
PASCO;PASCO;TINYAHUARCO;3
PASCO;PASCO;VICCO;3
PASCO;DANIEL A. CARRION;YANAHUANCA;3
PASCO;DANIEL A. CARRION;CHACAYAN;3
PASCO;DANIEL A. CARRION;GOYLLARISQUIZGA;3
PASCO;DANIEL A. CARRION;PAUCAR;3
PASCO;DANIEL A. CARRION;SAN PEDRO DE PILLAO;3
PASCO;DANIEL A. CARRION;SANTA ANA DE TUSI;3
PASCO;DANIEL A. CARRION;TAPUC;3
PASCO;DANIEL A. CARRION;VILCABAMBA;3
JUNIN;CHANCHAMAYO;CHANCHAMAYO;2
JUNIN;CHANCHAMAYO;PERENE;2
JUNIN;CHANCHAMAYO;PICHANAQUI;2
JUNIN;CHANCHAMAYO;SAN LUIS DE SHUARO;2
JUNIN;CHANCHAMAYO;SAN RAMON;2
JUNIN;CHANCHAMAYO;VITOC;2
JUNIN;SATIPO;COVIRIALI;2
JUNIN;SATIPO;LLAYLLA;2
JUNIN;SATIPO;MAZAMARI;2
JUNIN;SATIPO;PAMPA HERMOSA;2
JUNIN;SATIPO;PANGOA;2
JUNIN;SATIPO;RIO NEGRO;2
JUNIN;SATIPO;RIO TAMBO;2
JUNIN;SATIPO;SATIPO;2
JUNIN;SATIPO;VIZCATAN DEL ENE;2
JUNIN;TARMA;ACOBAMBA;2
JUNIN;TARMA;HUASAHUASI;2
JUNIN;TARMA;PALCA;2
JUNIN;TARMA;PALCAMAYO;2
JUNIN;TARMA;SAN PEDRO DE CAJAS;2
JUNIN;TARMA;TAPO;2
JUNIN;TARMA;HUARICOLCA;3
JUNIN;TARMA;LA UNION;3
JUNIN;TARMA;TARMA;3
JUNIN;CONCEPCION;ANDAMARCA;2
JUNIN;CONCEPCION;COCHAS;2
JUNIN;CONCEPCION;COMAS;2
JUNIN;CONCEPCION;MARISCAL CASTILLA;2
JUNIN;CONCEPCION;ACO;3
JUNIN;CONCEPCION;CHAMBARA;3
JUNIN;CONCEPCION;CONCEPCION;3
JUNIN;CONCEPCION;HEROINAS DE TOLEDO;3
JUNIN;CONCEPCION;MANZANARES;3
JUNIN;CONCEPCION;MATAHUASI;3
JUNIN;CONCEPCION;MITO;3
JUNIN;CONCEPCION;NUEVE DE JULIO;3
JUNIN;CONCEPCION;ORCOTUNA;3
JUNIN;CONCEPCION;SAN JOSE DE QUERO;3
JUNIN;CONCEPCION;SANTA ROSA DE OCOPA;3
JUNIN;CHUPACA;AHUAC;3
JUNIN;CHUPACA;CHONGOS BAJO;3
JUNIN;CHUPACA;CHUPACA;3
JUNIN;CHUPACA;HUACHAC;3
JUNIN;CHUPACA;HUAMANCACA CHICO;3
JUNIN;CHUPACA;SAN JUAN DE JARPA;3
JUNIN;CHUPACA;SAN JUAN DE YSCOS;3
JUNIN;CHUPACA;TRES DE DICIEMBRE;3
JUNIN;CHUPACA;YANACANCHA;3
JUNIN;HUANCAYO;PARIAHUANCA;2
JUNIN;HUANCAYO;SANTO DOMINGO DE ACOBAMBA;2
JUNIN;HUANCAYO;CARHUACALLANGA;3
JUNIN;HUANCAYO;CHACAPAMPA;3
JUNIN;HUANCAYO;CHICCHE;3
JUNIN;HUANCAYO;CHILCA;3
JUNIN;HUANCAYO;CHONGOS ALTO;3
JUNIN;HUANCAYO;CHUPURO;3
JUNIN;HUANCAYO;COLCA;3
JUNIN;HUANCAYO;CULLHUAS;3
JUNIN;HUANCAYO;EL TAMBO;3
JUNIN;HUANCAYO;HUACRAPUQUIO;3
JUNIN;HUANCAYO;HUALHUAS;3
JUNIN;HUANCAYO;HUANCAN;3
JUNIN;HUANCAYO;HUANCAYO;3
JUNIN;HUANCAYO;HUASICANCHA;3
JUNIN;HUANCAYO;HUAYUCACHI;3
JUNIN;HUANCAYO;INGENIO;3
JUNIN;HUANCAYO;PILCOMAYO;3
JUNIN;HUANCAYO;PUCARA;3
JUNIN;HUANCAYO;QUICHUAY;3
JUNIN;HUANCAYO;QUILCAS;3
JUNIN;HUANCAYO;SAN AGUSTIN;3
JUNIN;HUANCAYO;SAN JERONIMO DE TUNAN;3
JUNIN;HUANCAYO;SAÑO;3
JUNIN;HUANCAYO;SAPALLANGA;3
JUNIN;HUANCAYO;SICAYA;3
JUNIN;HUANCAYO;VIQUES;3
JUNIN;JAUJA;APATA;2
JUNIN;JAUJA;MOLINOS;2
JUNIN;JAUJA;MONOBAMBA;2
JUNIN;JAUJA;RICRAN;2
JUNIN;JAUJA;ACOLLA;3
JUNIN;JAUJA;ATAURA;3
JUNIN;JAUJA;CANCHAYLLO;3
JUNIN;JAUJA;CURICACA;3
JUNIN;JAUJA;EL MANTARO;3
JUNIN;JAUJA;HUAMALI;3
JUNIN;JAUJA;HUARIPAMPA;3
JUNIN;JAUJA;HUERTAS;3
JUNIN;JAUJA;JANJAILLO;3
JUNIN;JAUJA;JAUJA;3
JUNIN;JAUJA;JULCAN;3
JUNIN;JAUJA;LEONOR ORDOÑEZ;3
JUNIN;JAUJA;LLOCLLAPAMPA;3
JUNIN;JAUJA;MARCO;3
JUNIN;JAUJA;MASMA;3
JUNIN;JAUJA;MASMA CHICCHE;3
JUNIN;JAUJA;MUQUI;3
JUNIN;JAUJA;MUQUIYAUYO;3
JUNIN;JAUJA;PACA;3
JUNIN;JAUJA;PACCHA;3
JUNIN;JAUJA;PANCAN;3
JUNIN;JAUJA;PARCO;3
JUNIN;JAUJA;POMACANCHA;3
JUNIN;JAUJA;SAN LORENZO;3
JUNIN;JAUJA;SAN PEDRO DE CHUNAN;3
JUNIN;JAUJA;SAUSA;3
JUNIN;JAUJA;SINCOS;3
JUNIN;JAUJA;TUNANMARCA;3
JUNIN;JAUJA;YAULI;3
JUNIN;JAUJA;YAUYOS;3
JUNIN;JUNIN;CARHUAMAYO;2
JUNIN;JUNIN;ULCUMAYO;2
JUNIN;JUNIN;JUNIN;3
JUNIN;JUNIN;ONDORES;3
JUNIN;YAULI;CHACAPALPA;3
JUNIN;YAULI;HUAY-HUAY;3
JUNIN;YAULI;LA OROYA;3
JUNIN;YAULI;MARCAPOMACOCHA;3
JUNIN;YAULI;MOROCOCHA;3
JUNIN;YAULI;PACCHA;3
JUNIN;YAULI;SANTA BARBARA DE CARHUACAYAN;3
JUNIN;YAULI;SANTA ROSA DE SACCO;3
JUNIN;YAULI;SUITUCANCHA;3
JUNIN;YAULI;YAULI;3
CUSCO;CALCA;CALCA;2
CUSCO;CALCA;COYA;2
CUSCO;CALCA;LAMAY;2
CUSCO;CALCA;LARES;2
CUSCO;CALCA;PISAC;2
CUSCO;CALCA;SAN SALVADOR;2
CUSCO;CALCA;TARAY;2
CUSCO;CALCA;YANATILE;2
CUSCO;URUBAMBA;CHINCHERO;2
CUSCO;URUBAMBA;HUAYLLABAMBA;2
CUSCO;URUBAMBA;MACHU PICCHU;2
CUSCO;URUBAMBA;MARAS;2
CUSCO;URUBAMBA;OLLANTAYTAMBO;2
CUSCO;URUBAMBA;URUBAMBA;2
CUSCO;URUBAMBA;YUCAY;2
CUSCO;PAUCARTAMBO;CAICAY;2
CUSCO;PAUCARTAMBO;CHALLABAMBA;2
CUSCO;PAUCARTAMBO;COLQUEPATA;2
CUSCO;PAUCARTAMBO;HUANCARANI;2
CUSCO;PAUCARTAMBO;KOSÑIPATA;2
CUSCO;PAUCARTAMBO;PAUCARTAMBO;2
CUSCO;ANTA;ANCAHUASI;2
CUSCO;ANTA;ANTA;2
CUSCO;ANTA;CACHIMAYO;2
CUSCO;ANTA;CHINCHAYPUJIO;2
CUSCO;ANTA;HUAROCONDO;2
CUSCO;ANTA;LIMATAMBO;2
CUSCO;ANTA;MOLLEPATA;2
CUSCO;ANTA;PUCYURA;2
CUSCO;ANTA;ZURITE;2
CUSCO;QUISPICANCHIS;ANDAHUAYLILLAS;2
CUSCO;QUISPICANCHIS;CAMANTI;2
CUSCO;QUISPICANCHIS;CCARHUAYO;2
CUSCO;QUISPICANCHIS;CCATCA;2
CUSCO;QUISPICANCHIS;CUSIPATA;2
CUSCO;QUISPICANCHIS;HUARO;2
CUSCO;QUISPICANCHIS;LUCRE;2
CUSCO;QUISPICANCHIS;MARCAPATA;2
CUSCO;QUISPICANCHIS;OCONGATE;2
CUSCO;QUISPICANCHIS;OROPESA;2
CUSCO;QUISPICANCHIS;QUIQUIJANA;2
CUSCO;QUISPICANCHIS;URCOS;2
CUSCO;PARURO;ACCHA;2
CUSCO;PARURO;CCAPI;2
CUSCO;PARURO;COLCHA;2
CUSCO;PARURO;HUANOQUITE;2
CUSCO;PARURO;OMACHA;2
CUSCO;PARURO;PACCARITAMBO;2
CUSCO;PARURO;PARURO;2
CUSCO;PARURO;PILLPINTO;2
CUSCO;CANCHIS;ALTO PICHIGUA;2
CUSCO;CANCHIS;COMBAPATA;2
CUSCO;CANCHIS;MARANGANI;2
CUSCO;CANCHIS;PITUMARCA;2
CUSCO;CANCHIS;SAN PABLO;2
CUSCO;CANCHIS;SAN PEDRO;2
CUSCO;CANCHIS;SUYCKUTAMBO;2
CUSCO;CANCHIS;TINTA;2
CUSCO;CANAS;CHECCA;2
CUSCO;CANAS;KUNTURKANKI;2
CUSCO;CANAS;LANGUI;2
CUSCO;CANAS;LAYO;2
CUSCO;CANAS;PAMPAMARCA;2
CUSCO;CANAS;QUEHUE;2
CUSCO;CANAS;TUPAC AMARU;2
CUSCO;CANAS;YANAOCA;2
CUSCO;ACOMAYO;ACOMAYO;2
CUSCO;ACOMAYO;ACOPIA;2
CUSCO;ACOMAYO;ACOS;2
CUSCO;ACOMAYO;MOSOC LLACTA;2
CUSCO;ACOMAYO;POMACANCHI;2
CUSCO;ACOMAYO;RONDOCAN;2
CUSCO;ACOMAYO;SANGARARA;2
CUSCO;CUSCO;CCORCA;2
CUSCO;CUSCO;CUSCO;2
CUSCO;CUSCO;POROY;2
CUSCO;CUSCO;SAN JERONIMO;2
CUSCO;CUSCO;SAN SEBASTIAN;2
CUSCO;CUSCO;SANTIAGO;2
CUSCO;CUSCO;SAYLLA;2
CUSCO;CUSCO;WANCHAQ;2
CUSCO;LA CONVENCION;ECHARATI;2
CUSCO;LA CONVENCION;HUAYOPATA;2
CUSCO;LA CONVENCION;MARANURA;2
CUSCO;LA CONVENCION;OCOBAMBA;2
CUSCO;LA CONVENCION;PICHARI;2
CUSCO;LA CONVENCION;QUELLOUNO;2
CUSCO;LA CONVENCION;QUIMBIRI;2
CUSCO;LA CONVENCION;SANTA ANA;2
CUSCO;LA CONVENCION;SANTA TERESA;2
CUSCO;LA CONVENCION;VILCABAMBA;2
CUSCO;LA CONVENCION;MEGANTONI;2
CUSCO;LA CONVENCION;VILLA KINTIARINA;2
CUSCO;CHUMBIVILCAS;CAPACMARCA;2
CUSCO;CHUMBIVILCAS;CHAMACA;2
CUSCO;CHUMBIVILCAS;COLQUEMARCA;2
CUSCO;CHUMBIVILCAS;LIVITACA;2
CUSCO;CHUMBIVILCAS;LLUSCO;3
CUSCO;CHUMBIVILCAS;QUIÑOTA;3
CUSCO;CHUMBIVILCAS;SANTO TOMAS;3
CUSCO;CHUMBIVILCAS;VELILLE;3
CUSCO;ESPINAR;CONDOROMA;3
CUSCO;ESPINAR;COPORAQUE;3
CUSCO;ESPINAR;ESPINAR;3
CUSCO;ESPINAR;OCORURO;3
CUSCO;ESPINAR;PALLPATA;3
CUSCO;ESPINAR;PICHIGUA;3
HUANCAVELICA;CHURCAMPA;ANCO;2
HUANCAVELICA;CHURCAMPA;CHINCHIUASI;2
HUANCAVELICA;CHURCAMPA;CHURCAMPA;2
HUANCAVELICA;CHURCAMPA;COSME;2
HUANCAVELICA;CHURCAMPA;EL CARMEN;2
HUANCAVELICA;CHURCAMPA;LA MERCED;2
HUANCAVELICA;CHURCAMPA;LOCROJA;2
HUANCAVELICA;CHURCAMPA;PACHAMARCA;2
HUANCAVELICA;CHURCAMPA;PAUCARBAMBA;2
HUANCAVELICA;CHURCAMPA;SAN MIGUEL DE MAYOC;2
HUANCAVELICA;CHURCAMPA;SAN PEDRO DE CORIS;2
HUANCAVELICA;ACOBAMBA;ACOBAMBA;2
HUANCAVELICA;ACOBAMBA;ANDABAMBA;2
HUANCAVELICA;ACOBAMBA;ANTA;2
HUANCAVELICA;ACOBAMBA;CAJA;2
HUANCAVELICA;ACOBAMBA;MARCAS;2
HUANCAVELICA;ACOBAMBA;PAUCARA;2
HUANCAVELICA;ACOBAMBA;POMACOCHA;2
HUANCAVELICA;ACOBAMBA;ROSARIO;2
HUANCAVELICA;TAYACAJA;COLCABAMBA;2
HUANCAVELICA;TAYACAJA;DANIEL HERNANDEZ;2
HUANCAVELICA;TAYACAJA;HUACHOCOLPA;2
HUANCAVELICA;TAYACAJA;HUARIBAMBA;2
HUANCAVELICA;TAYACAJA;QUISHUAR;2
HUANCAVELICA;TAYACAJA;SALCABAMBA;2
HUANCAVELICA;TAYACAJA;SAN MARCOS DE ROCCHAC;2
HUANCAVELICA;TAYACAJA;SARCAHUASI;2
HUANCAVELICA;TAYACAJA;SURCUBAMBA;2
HUANCAVELICA;TAYACAJA;TINTAY PUNCU;2
HUANCAVELICA;TAYACAJA;PICHOS;2
HUANCAVELICA;TAYACAJA;ROBLE;2
HUANCAVELICA;TAYACAJA;ACOSTAMBO;3
HUANCAVELICA;TAYACAJA;ACRAQUIA;3
HUANCAVELICA;TAYACAJA;AHUAYCHA;3
HUANCAVELICA;TAYACAJA;HUANDO;3
HUANCAVELICA;TAYACAJA;ÑAHUIMPUQUIO;3
HUANCAVELICA;TAYACAJA;PAMPAS;3
HUANCAVELICA;TAYACAJA;PAZOS;3
HUANCAVELICA;TAYACAJA;SANTIAGO DE TUCUMA;3
HUANCAVELICA;ANGARAES;CHINCHO;2
HUANCAVELICA;ANGARAES;ANCHONGA;3
HUANCAVELICA;ANGARAES;CALLANMARCA;3
HUANCAVELICA;ANGARAES;CCOCHACCASA;3
HUANCAVELICA;ANGARAES;CONGALLA;3
HUANCAVELICA;ANGARAES;HUANCA HUANCA;3
HUANCAVELICA;ANGARAES;HUAYLLAY GRANDE;3
HUANCAVELICA;ANGARAES;JULCAMARCA;3
HUANCAVELICA;ANGARAES;LIRCAY;3
HUANCAVELICA;ANGARAES;SAN ANTONIO DE ANTAPARCO;3
HUANCAVELICA;HUANCAVELICA;SECCLLA;3
HUANCAVELICA;HUANCAVELICA;STO TOMAS DE PATA;3
HUANCAVELICA;HUANCAVELICA;ACOBAMBILLA;3
HUANCAVELICA;HUANCAVELICA;CONAYCA;3
HUANCAVELICA;HUANCAVELICA;CUENCA;3
HUANCAVELICA;HUANCAVELICA;HUACHOCOLPA;3
HUANCAVELICA;HUANCAVELICA;HUANCAVELICA;3
HUANCAVELICA;HUANCAVELICA;HUAYLLAHUARA;3
HUANCAVELICA;HUANCAVELICA;IZCUCHACA;3
HUANCAVELICA;HUANCAVELICA;LARIA;3
HUANCAVELICA;HUANCAVELICA;MANTA;3
HUANCAVELICA;HUANCAVELICA;MARISCAL CACERES;3
HUANCAVELICA;HUANCAVELICA;MOYA;3
HUANCAVELICA;HUANCAVELICA;NUEVO OCCORO;3
HUANCAVELICA;HUANCAVELICA;PALCA;3
HUANCAVELICA;HUANCAVELICA;PILCHACA;3
HUANCAVELICA;HUANCAVELICA;VILCA;3
HUANCAVELICA;HUANCAVELICA;YAULI;3
HUANCAVELICA;HUANCAVELICA;ARMA;3
HUANCAVELICA;HUANCAVELICA;AURAHUA;3
HUANCAVELICA;HUANCAVELICA;CASTROVIRREYNA;3
HUANCAVELICA;HUANCAVELICA;CHUPAMARCA;3
HUANCAVELICA;HUANCAVELICA;COCAS;3
HUANCAVELICA;HUANCAVELICA;HUACHOS;3
HUANCAVELICA;HUANCAVELICA;HUAMATAMBO;3
HUANCAVELICA;HUANCAVELICA;MOLLEPAMPA;3
HUANCAVELICA;HUANCAVELICA;SANTA ANA;3
HUANCAVELICA;HUANCAVELICA;TANTARA;3
HUANCAVELICA;HUANCAVELICA;TICRAPO;3
HUANCAVELICA;HUANCAVELICA;CAPILLAS;4
HUANCAVELICA;HUANCAVELICA;SAN JUAN;4
HUANCAVELICA;HUAYTARA;SAN ANTONIO DE CUSICANCHA;3
HUANCAVELICA;HUAYTARA;PILPICHACA;3
HUANCAVELICA;HUAYTARA;QUERCO;3
HUANCAVELICA;HUAYTARA;AYAVI;4
HUANCAVELICA;HUAYTARA;CORDOVA;4
HUANCAVELICA;HUAYTARA;HUAYACUNDO ARMA;4
HUANCAVELICA;HUAYTARA;HUAYTARA;4
HUANCAVELICA;HUAYTARA;LARAMARCA;4
HUANCAVELICA;HUAYTARA;OCOYO;4
HUANCAVELICA;HUAYTARA;QUITO ARMA;4
HUANCAVELICA;HUAYTARA;SAN FRANCISCO DE SANGAYAICO;4
HUANCAVELICA;HUAYTARA;SAN ISIDRO;4
HUANCAVELICA;HUAYTARA;SANTIAGO DE CHOCORVOS;4
HUANCAVELICA;HUAYTARA;SANTIAGO DE QUIRAHUARA;4
HUANCAVELICA;HUAYTARA;SANTO DOMINGO DE CAPILLAS;4
HUANCAVELICA;HUAYTARA;TAMBO;4
AYACUCHO;HUANTA;AYAHUANCO;2
AYACUCHO;HUANTA;HIGUAIN;2
AYACUCHO;HUANTA;HUAMANGUILLA;2
AYACUCHO;HUANTA;HUANTA;2
AYACUCHO;HUANTA;LLOCHEGUA;2
AYACUCHO;HUANTA;LURICOCHA;2
AYACUCHO;HUANTA;SANTILLANA;2
AYACUCHO;HUANTA;SIVIA;2
AYACUCHO;HUANTA;CHACA;2
AYACUCHO;LA MAR;ANCO;2
AYACUCHO;LA MAR;AYNA;2
AYACUCHO;LA MAR;CHILCAS;2
AYACUCHO;LA MAR;CHUNGUI;2
AYACUCHO;LA MAR;LUIS CARRANZA;2
AYACUCHO;LA MAR;SAN MIGUEL;2
AYACUCHO;LA MAR;SANTA ROSA;2
AYACUCHO;LA MAR;TAMBO;2
AYACUCHO;LA MAR;ORONCCOY;2
AYACUCHO;HUAMANGA;ACOCRO;2
AYACUCHO;HUAMANGA;ACOSVINCHOS;2
AYACUCHO;HUAMANGA;AYACUCHO;2
AYACUCHO;HUAMANGA;JESUS NAZARENO;2
AYACUCHO;HUAMANGA;OCROS;2
AYACUCHO;HUAMANGA;PACAYCASA;2
AYACUCHO;HUAMANGA;QUINUA;2
AYACUCHO;HUAMANGA;SAN JOSE DE TICLLAS;2
AYACUCHO;HUAMANGA;SANTIAGO DE PISCHA;2
AYACUCHO;HUAMANGA;TAMBILLO;2
AYACUCHO;HUAMANGA;CARMEN ALTO;3
AYACUCHO;HUAMANGA;CHIARA;3
AYACUCHO;HUAMANGA;SAN JUAN BAUTISTA;3
AYACUCHO;HUAMANGA;SOCOS;3
AYACUCHO;HUAMANGA;VINCHOS;3
AYACUCHO;VILCASHUAMAN;CONCEPCION;2
AYACUCHO;VILCASHUAMAN;ACOMARCA;3
AYACUCHO;VILCASHUAMAN;CARHUANCA;3
AYACUCHO;VILCASHUAMAN;HUAMBALPA;3
AYACUCHO;VILCASHUAMAN;INDEPENDENCIA;3
AYACUCHO;VILCASHUAMAN;SAURAMA;3
AYACUCHO;VILCASHUAMAN;VILCASHUAMAN;3
AYACUCHO;VILCASHUAMAN;VISCHONGO;3
AYACUCHO;HUANCA- SANCOS;CARAPO;3
AYACUCHO;HUANCA- SANCOS;SACSAMARCA;3
AYACUCHO;HUANCA- SANCOS;SANCOS;3
AYACUCHO;HUANCA- SANCOS;SANTIAGO DE LUCANAMARCA;3
AYACUCHO;CANGALLO;CANGALLO;3
AYACUCHO;CANGALLO;CHUSCHI;3
AYACUCHO;CANGALLO;LOS MOROCHUCOS;3
AYACUCHO;CANGALLO;MARIA PARADO DE BELLIDO;3
AYACUCHO;CANGALLO;PARAS;3
AYACUCHO;CANGALLO;TOTOS;3
AYACUCHO;PAUCAR DEL SARA SARA;COLTA;3
AYACUCHO;PAUCAR DEL SARA SARA;CORCULLA;3
AYACUCHO;PAUCAR DEL SARA SARA;LAMPA;3
AYACUCHO;PAUCAR DEL SARA SARA;MARCABAMBA;3
AYACUCHO;PAUCAR DEL SARA SARA;OYOLO;3
AYACUCHO;PAUCAR DEL SARA SARA;PARARCA;3
AYACUCHO;PAUCAR DEL SARA SARA;PAUSA;3
AYACUCHO;PAUCAR DEL SARA SARA;SAN JAVIER DE ALPABAMBA;3
AYACUCHO;PAUCAR DEL SARA SARA;SAN JOSE DE USHUA;3
AYACUCHO;PAUCAR DEL SARA SARA;SARA SARA;3
AYACUCHO;SUCRE;BELEN;3
AYACUCHO;SUCRE;CHALCOS;3
AYACUCHO;SUCRE;CHILCAYOC;3
AYACUCHO;SUCRE;HUACAÑA;3
AYACUCHO;SUCRE;MORCOLLA;3
AYACUCHO;SUCRE;PAICO;3
AYACUCHO;SUCRE;QUEROBAMBA;3
AYACUCHO;SUCRE;SAN PEDRO DE LARCAY;3
AYACUCHO;SUCRE;SAN SALVADOR DE QUIJE;3
AYACUCHO;SUCRE;SANTIAGO DE PAUCARAY;3
AYACUCHO;SUCRE;SORAS;3
AYACUCHO;VICTOR FAJARDO;ALCAMENCA;3
AYACUCHO;VICTOR FAJARDO;APONGO;3
AYACUCHO;VICTOR FAJARDO;ASQUIPATA;3
AYACUCHO;VICTOR FAJARDO;CANARIA;3
AYACUCHO;VICTOR FAJARDO;CAYARA;3
AYACUCHO;VICTOR FAJARDO;COLCA;3
AYACUCHO;VICTOR FAJARDO;HUAMANQUIQUIA;3
AYACUCHO;VICTOR FAJARDO;HUANCAPI;3
AYACUCHO;VICTOR FAJARDO;HUANCARAYLLA;3
AYACUCHO;VICTOR FAJARDO;HUAYA;3
AYACUCHO;VICTOR FAJARDO;SARHUA;3
AYACUCHO;VICTOR FAJARDO;VILCANCHOS;3
AYACUCHO;PARINACOCHAS;CHUMPI;3
AYACUCHO;PARINACOCHAS;CORACORA;3
AYACUCHO;PARINACOCHAS;CORONEL CASTAÑEDA;3
AYACUCHO;PARINACOCHAS;PACAPAUSA;3
AYACUCHO;PARINACOCHAS;SAN FRANCISCO DE RAVACAYCU;3
AYACUCHO;PARINACOCHAS;UPAHUACHO;3
AYACUCHO;PARINACOCHAS;PULLO;4
AYACUCHO;PARINACOCHAS;PUYUSCA;4
AYACUCHO;LUCANAS;AUCARA;3
AYACUCHO;LUCANAS;CABANA;3
AYACUCHO;LUCANAS;CARMEN SALCEDO;3
AYACUCHO;LUCANAS;CHAVIÑA;3
AYACUCHO;LUCANAS;CHIPAO;3
AYACUCHO;LUCANAS;LUCANAS;3
AYACUCHO;LUCANAS;PUQUIO;3
AYACUCHO;LUCANAS;SAN JUAN;3
AYACUCHO;LUCANAS;SAN PEDRO DE PALCO;3
AYACUCHO;LUCANAS;SANTA ANA DE HUAYCAHUACHO;3
AYACUCHO;LUCANAS;HUAC HUAS;4
AYACUCHO;LUCANAS;LARAMATE;4
AYACUCHO;LUCANAS;LEONCIO PRADO;4
AYACUCHO;LUCANAS;LLAUTA;4
AYACUCHO;LUCANAS;OCAÑA;4
AYACUCHO;LUCANAS;OTOCA;4
AYACUCHO;LUCANAS;SAISA;4
AYACUCHO;LUCANAS;SAN CRISTOBAL;4
AYACUCHO;LUCANAS;SAN PEDRO;4
AYACUCHO;LUCANAS;SANCOS;4
AYACUCHO;LUCANAS;SANTA LUCIA;4
APURIMAC;COTABAMBAS;CALLHUAHUACHO;2
APURIMAC;COTABAMBAS;COTABAMBAS;2
APURIMAC;COTABAMBAS;COYLLURQUI;2
APURIMAC;COTABAMBAS;HAQUIRA;2
APURIMAC;COTABAMBAS;MARA;2
APURIMAC;COTABAMBAS;TAMBOBAMBA;2
APURIMAC;GRAU;CHUQUIBAMBILLA;2
APURIMAC;GRAU;CURASCO;2
APURIMAC;GRAU;CURPAHUASI;2
APURIMAC;GRAU;GAMARRA;2
APURIMAC;GRAU;HUAYLLATI;2
APURIMAC;GRAU;MAMARA;2
APURIMAC;GRAU;MICAELA BASTIDAS;2
APURIMAC;GRAU;PATAYPAMPA;2
APURIMAC;GRAU;PROGRESO;2
APURIMAC;GRAU;SAN ANTONIO;2
APURIMAC;GRAU;SANTA ROSA;2
APURIMAC;GRAU;TURPAY;2
APURIMAC;GRAU;VILCABAMBA;2
APURIMAC;GRAU;VIRUNDO;2
APURIMAC;ABANCAY;ABANCAY;2
APURIMAC;ABANCAY;CHACOCHE;2
APURIMAC;ABANCAY;CIRCA;2
APURIMAC;ABANCAY;CURAHUASI;2
APURIMAC;ABANCAY;HUANIPACA;2
APURIMAC;ABANCAY;LAMBRAMA;2
APURIMAC;ABANCAY;PICHIRHUA;2
APURIMAC;ABANCAY;SAN PEDRO DE CACHORA;2
APURIMAC;ABANCAY;TAMBURCO;2
APURIMAC;CHINCHEROS;ANCO-HUALLO;2
APURIMAC;CHINCHEROS;CHINCHEROS;2
APURIMAC;CHINCHEROS;COCHARCAS;2
APURIMAC;CHINCHEROS;HUACCANA;2
APURIMAC;CHINCHEROS;OCOBAMBA;2
APURIMAC;CHINCHEROS;ONGOY;2
APURIMAC;CHINCHEROS;RANRACANCHA;2
APURIMAC;CHINCHEROS;URANMARCA;2
APURIMAC;CHINCHEROS;EL PORVENIR;2
APURIMAC;CHINCHEROS;LOS CHANKAS;2
APURIMAC;CHINCHEROS;ROCHACC;2
APURIMAC;ANDAHUAYLAS;ANDAHUAYLAS;2
APURIMAC;ANDAHUAYLAS;ANDARAPA;2
APURIMAC;ANDAHUAYLAS;HUANCARAMA;2
APURIMAC;ANDAHUAYLAS;HUANCARAY;2
APURIMAC;ANDAHUAYLAS;KAQUIABAMBA;2
APURIMAC;ANDAHUAYLAS;KISHUARA;2
APURIMAC;ANDAHUAYLAS;PACOBAMBA;2
APURIMAC;ANDAHUAYLAS;PACUCHA;2
APURIMAC;ANDAHUAYLAS;SAN ANTONIO DE CACHI;2
APURIMAC;ANDAHUAYLAS;SAN JERONIMO;2
APURIMAC;ANDAHUAYLAS;SANTA MARIA DE CHICMO;2
APURIMAC;ANDAHUAYLAS;TALAVERA;2
APURIMAC;ANDAHUAYLAS;TURPO;2
APURIMAC;ANDAHUAYLAS;CHIARA;3
APURIMAC;ANDAHUAYLAS;HUAYANA;3
APURIMAC;ANDAHUAYLAS;PAMPACHIRI;3
APURIMAC;ANDAHUAYLAS;POMACOCHA;3
APURIMAC;ANDAHUAYLAS;SAN MIGUEL DE CHACCRAMPA;3
APURIMAC;ANDAHUAYLAS;TUMAY HUARACA;3
APURIMAC;AYMARAES;CHAPIMARCA;2
APURIMAC;AYMARAES;COLCABAMBA;2
APURIMAC;AYMARAES;LUCRE;2
APURIMAC;AYMARAES;SAN JUAN DE CHACÑA;2
APURIMAC;AYMARAES;TINTAY;2
APURIMAC;AYMARAES;CAPAYA;3
APURIMAC;AYMARAES;CARAYBAMBA;3
APURIMAC;AYMARAES;CHALHUANCA;3
APURIMAC;AYMARAES;COTARUSE;3
APURIMAC;AYMARAES;HUAYLLO;3
APURIMAC;AYMARAES;JUSTO APU SAHUARAURA;3
APURIMAC;AYMARAES;POCOHUANCA;3
APURIMAC;AYMARAES;SAÑAYCA;3
APURIMAC;AYMARAES;SORAYA;3
APURIMAC;AYMARAES;TAPAIRIHUA;3
APURIMAC;AYMARAES;TORAYA;3
APURIMAC;AYMARAES;YANACA;3
APURIMAC;ANTABAMBA;ANTABAMBA;3
APURIMAC;ANTABAMBA;EL ORO;3
APURIMAC;ANTABAMBA;HIAQUIRCA;3
APURIMAC;ANTABAMBA;JUAN ESPINOZA MEDRANO;3
APURIMAC;ANTABAMBA;OROPESA;3
APURIMAC;ANTABAMBA;PACHACONAS;3
APURIMAC;ANTABAMBA;SABAINO;3
TUMBES;CONTRALMI- RANTE VILLAR;CASITAS;4
TUMBES;CONTRALMI- RANTE VILLAR;ZORRITOS;4
TUMBES;TUMBES;CORRALES;4
TUMBES;TUMBES;LA CRUZ;4
TUMBES;TUMBES;PAMPAS DE HOSPITAL;4
TUMBES;TUMBES;SAN JACINTO;4
TUMBES;TUMBES;SAN JUAN DE LA VIRGEN;4
TUMBES;TUMBES;TUMBES;4
TUMBES;ZARUMILLA;AGUAS VERDES;4
TUMBES;ZARUMILLA;MATAPALO;4
TUMBES;ZARUMILLA;PAPAYAL;4
TUMBES;ZARUMILLA;ZARUMILLA;4
PIURA;HUANCABAMBA;CANCHAQUE;3
PIURA;HUANCABAMBA;EL CARMEN DE LA FRONTERA;3
PIURA;HUANCABAMBA;HUANCABAMBA;3
PIURA;HUANCABAMBA;HUARMACA;3
PIURA;HUANCABAMBA;LALAQUIZ;3
PIURA;HUANCABAMBA;SAN MIGUEL DE EL FAIOUE;3
PIURA;HUANCABAMBA;SONDOR;3
PIURA;HUANCABAMBA;SONDORILLO;3
PIURA;AYABACA;AYABACA;3
PIURA;AYABACA;JILILI;3
PIURA;AYABACA;LAGUNAS;3
PIURA;AYABACA;MONTERO;3
PIURA;AYABACA;PACAIPAMPA;3
PIURA;AYABACA;SICCHEZ;3
PIURA;AYABACA;FRIAS;4
PIURA;AYABACA;PAIMAS;4
PIURA;AYABACA;SAPILLICA;4
PIURA;AYABACA;SUY0;4
PIURA;MORROPON;BUENOS AIRES;3
PIURA;MORROPON;CHALACO;3
PIURA;MORROPON;SALITRAL;3
PIURA;MORROPON;SAN JUAN DE BIGOTE;3
PIURA;MORROPON;SANTA CATALINA DE MOSSA;3
PIURA;MORROPON;YAMANGO;3
PIURA;MORROPON;CHULUCANAS;4
PIURA;MORROPON;LA MATANZA;4
PIURA;MORROPON;MORROPON;4
PIURA;MORROPON;SANTO DOMINGO;4
PIURA;PIURA;CASTILLA;4
PIURA;PIURA;CATACAOS;4
PIURA;PIURA;CURA MORI;4
PIURA;PIURA;EL TALLAN;4
PIURA;PIURA;LA ARENA;4
PIURA;PIURA;LA UNION;4
PIURA;PIURA;LAS LOMAS;4
PIURA;PIURA;PIURA;4
PIURA;PIURA;TAMBO GRANDE;4
PIURA;PAITA;AMOTAPE;4
PIURA;PAITA;ARENAL;4
PIURA;PAITA;COLAN;4
PIURA;PAITA;LA HUACA;4
PIURA;PAITA;PAITA;4
PIURA;PAITA;TAMARINDO;4
PIURA;PAITA;VICHAYAL;4
PIURA;SECHURA;BELLAVISTA LA UNION;4
PIURA;SECHURA;BERNAL;4
PIURA;SECHURA;CRISTO NOS VALGA;4
PIURA;SECHURA;RINCONADA LLICUAR;4
PIURA;SECHURA;SECHURA;4
PIURA;SECHURA;VICE;4
PIURA;SULLANA;BELLAVISTA;4
PIURA;SULLANA;IGNACIO ESCUDERO;4
PIURA;SULLANA;LANCONES;4
PIURA;SULLANA;MARCAVELICA;4
PIURA;SULLANA;MIGUEL CHECA;4
PIURA;SULLANA;QUERECOTILLO;4
PIURA;SULLANA;SALITRAL;4
PIURA;SULLANA;SULLANA;4
PIURA;TALARA;ELALTO;4
PIURA;TALARA;LA BREA;4
PIURA;TALARA;LOBITOS;4
PIURA;TALARA;LOS ORGANOS;4
PIURA;TALARA;MANCORA;4
PIURA;TALARA;PARI?AS;4
LAMBAYEQUE;FERREÑAFE;CA?ARIS;3
LAMBAYEQUE;FERREÑAFE;INCAHUASI;3
LAMBAYEQUE;FERREÑAFE;FERRE?AFE;4
LAMBAYEQUE;FERREÑAFE;MANUEL A. MESONES MUR0;4
LAMBAYEQUE;FERREÑAFE;PITIPO;4
LAMBAYEQUE;FERREÑAFE;PUEBLO NUEVO;4
LAMBAYEQUE;LAMBAYEQUE;SALAS;3
LAMBAYEQUE;LAMBAYEQUE;CHOCHOPE;4
LAMBAYEQUE;LAMBAYEQUE;ILLIMO;4
LAMBAYEQUE;LAMBAYEQUE;JAYANCA;4
LAMBAYEQUE;LAMBAYEQUE;LAMBAYEQUE;4
LAMBAYEQUE;LAMBAYEQUE;MOCHUMI;4
LAMBAYEQUE;LAMBAYEQUE;MORROPE;4
LAMBAYEQUE;LAMBAYEQUE;MOTUPE;4
LAMBAYEQUE;LAMBAYEQUE;OLMOS;4
LAMBAYEQUE;LAMBAYEQUE;PACORA;4
LAMBAYEQUE;LAMBAYEQUE;SAN J0SE;4
LAMBAYEQUE;LAMBAYEQUE;TUCUME;4
LAMBAYEQUE;CHICLAYO;CAYALTI;4
LAMBAYEQUE;CHICLAYO;CHICLAYO;4
LAMBAYEQUE;CHICLAYO;CHONGOYAPE;4
LAMBAYEQUE;CHICLAYO;ETEN;4
LAMBAYEQUE;CHICLAYO;ETEN PUERTO;4
LAMBAYEQUE;CHICLAYO;JOSE LEONARDO ORTIZ;4
LAMBAYEQUE;CHICLAYO;LA VICTORIA;4
LAMBAYEQUE;CHICLAYO;LAGUNAS;4
LAMBAYEQUE;CHICLAYO;MONSEFU;4
LAMBAYEQUE;CHICLAYO;NUEVA ARICA;4
LAMBAYEQUE;CHICLAYO;OYOTUN;4
LAMBAYEQUE;CHICLAYO;PATAPO;4
LAMBAYEQUE;CHICLAYO;PICSI;4
LAMBAYEQUE;CHICLAYO;PIMENTEL;4
LAMBAYEQUE;CHICLAYO;POMALCA;4
LAMBAYEQUE;CHICLAYO;PUCALA;4
LAMBAYEQUE;CHICLAYO;REQUE;4
LAMBAYEQUE;CHICLAYO;SANTA ROSA;4
LAMBAYEQUE;CHICLAYO;SAÑA;4
LAMBAYEQUE;CHICLAYO;TUMAN;4
CAJAMARCA;HUALGAYOC;BAMBAMARCA;2
CAJAMARCA;HUALGAYOC;CHUGUR;2
CAJAMARCA;HUALGAYOC;HUALGAYOC;2
CAJAMARCA;SAN IGNACIO;CHIRINOS;2
CAJAMARCA;SAN IGNACIO;HUARANGO;2
CAJAMARCA;SAN IGNACIO;LA COIPA;2
CAJAMARCA;SAN IGNACIO;NAMBALLE;2
CAJAMARCA;SAN IGNACIO;SAN IGNACIO;2
CAJAMARCA;SAN IGNACIO;SAN JOSE DE LOURDES;2
CAJAMARCA;SAN IGNACIO;TABACONAS;2
CAJAMARCA;CELENDIN;CELENDIN;2
CAJAMARCA;CELENDIN;CHUMUCH;2
CAJAMARCA;CELENDIN;CORTEGANA;2
CAJAMARCA;CELENDIN;HUASMIN;2
CAJAMARCA;CELENDIN;JORGE CHAVEZ;2
CAJAMARCA;CELENDIN;JOSE GALVEZ;2
CAJAMARCA;CELENDIN;LA LIBERTAD DE PALLAN;2
CAJAMARCA;CELENDIN;MIGUEL IGLESIAS;2
CAJAMARCA;CELENDIN;OXAMARCA;2
CAJAMARCA;CELENDIN;SOROCHUCO;2
CAJAMARCA;CELENDIN;SUCRE;2
CAJAMARCA;CELENDIN;UTCO;2
CAJAMARCA;CUTERVO;CALLAYUC;2
CAJAMARCA;CUTERVO;CHOROS;2
CAJAMARCA;CUTERVO;CUJILLO;2
CAJAMARCA;CUTERVO;CUTERVO;2
CAJAMARCA;CUTERVO;LA RAMADA;2
CAJAMARCA;CUTERVO;PIMPINGOS;2
CAJAMARCA;CUTERVO;SAN ANDRES DE CUTERVO;2
CAJAMARCA;CUTERVO;SAN JUAN DE CUTERVO;2
CAJAMARCA;CUTERVO;SAN LUIS DE LUCMA;2
CAJAMARCA;CUTERVO;SANTA CRUZ;2
CAJAMARCA;CUTERVO;SANTO DOMINGO DE LA;2
CAJAMARCA;CUTERVO;CAPILLA;2
CAJAMARCA;CUTERVO;SANTO TOMAS;2
CAJAMARCA;CUTERVO;SOCOTA;2
CAJAMARCA;CUTERVO;TORIBIO CASANOVA;2
CAJAMARCA;CUTERVO;QUEROCOTILLO;3
CAJAMARCA;JAEN;BELLAVISTA;2
CAJAMARCA;JAEN;CHONTALI;2
CAJAMARCA;JAEN;COLASAY;2
CAJAMARCA;JAEN;HUABAL;2
CAJAMARCA;JAEN;JAEN;2
CAJAMARCA;JAEN;LAS PIRIAS;2
CAJAMARCA;JAEN;SAN JOSE DEL ALTO;2
CAJAMARCA;JAEN;SANTA ROSA;2
CAJAMARCA;JAEN;POMAHUACA;3
CAJAMARCA;JAEN;PUCARA;3
CAJAMARCA;JAEN;SALLIQUE;3
CAJAMARCA;JAEN;SAN FELIPE;3
CAJAMARCA;SAN MARCOS;GREGORIO PITA;2
CAJAMARCA;SAN MARCOS;ICHOCAN;2
CAJAMARCA;SAN MARCOS;JOSE MANUEL QUIROZ;2
CAJAMARCA;SAN MARCOS;JOSE SABOGAL;2
CAJAMARCA;SAN MARCOS;CHANCAY;3
CAJAMARCA;SAN MARCOS;EDUARDO VILLANUEVA;3
CAJAMARCA;SAN MARCOS;PEDRO GALVEZ;3
CAJAMARCA;CHOTA;ANGUIA;2
CAJAMARCA;CHOTA;CHADIN;2
CAJAMARCA;CHOTA;CHALAMARCA;2
CAJAMARCA;CHOTA;CHIGUIRIP;2
CAJAMARCA;CHOTA;CHIMBAN;2
CAJAMARCA;CHOTA;CHOROPAMPA;2
CAJAMARCA;CHOTA;CHOTA;2
CAJAMARCA;CHOTA;CONCHAN;2
CAJAMARCA;CHOTA;LAJAS;2
CAJAMARCA;CHOTA;PACCHA;2
CAJAMARCA;CHOTA;PION;2
CAJAMARCA;CHOTA;TACABAMBA;2
CAJAMARCA;CHOTA;COCHABAMBA;3
CAJAMARCA;CHOTA;HUAMBOS;3
CAJAMARCA;CHOTA;LLAMA;3
CAJAMARCA;CHOTA;MIRACOSTA;3
CAJAMARCA;CHOTA;QUEROCOTO;3
CAJAMARCA;CHOTA;SAN JUAN DE LICUPIS;3
CAJAMARCA;CHOTA;TOCMOCHE;3
CAJAMARCA;CAJABAMBA;SITACOCHA;2
CAJAMARCA;CAJABAMBA;CACHACHI;3
CAJAMARCA;CAJABAMBA;CAJABAMBA;3
CAJAMARCA;CAJABAMBA;CONDEBAMBA;3
CAJAMARCA;CAJAMARCA;ENCAÑADA;2
CAJAMARCA;CAJAMARCA;ASUNCION;3
CAJAMARCA;CAJAMARCA;CAJAMARCA;3
CAJAMARCA;CAJAMARCA;CHETILLA;3
CAJAMARCA;CAJAMARCA;COSPAN;3
CAJAMARCA;CAJAMARCA;JESUS;3
CAJAMARCA;CAJAMARCA;LLACANORA;3
CAJAMARCA;CAJAMARCA;LOS BAÑOS DEL INCA;3
CAJAMARCA;CAJAMARCA;MAGDALENA;3
CAJAMARCA;CAJAMARCA;MATARA;3
CAJAMARCA;CAJAMARCA;NAMORA;3
CAJAMARCA;CAJAMARCA;SAN JUAN;3
CAJAMARCA;CONTUMAZA;CHILETE;3
CAJAMARCA;CONTUMAZA;CONTUMAZA;3
CAJAMARCA;CONTUMAZA;CUPISNIQUE;3
CAJAMARCA;CONTUMAZA;GUZMANGO;3
CAJAMARCA;CONTUMAZA;SAN BENITO;3
CAJAMARCA;CONTUMAZA;SANTA CRUZ DE TOLEDO;3
CAJAMARCA;CONTUMAZA;TANTARICA;3
CAJAMARCA;CONTUMAZA;YONAN;3
CAJAMARCA;SAN MIGUEL;BOLIVAR;3
CAJAMARCA;SAN MIGUEL;CALQUIS;3
CAJAMARCA;SAN MIGUEL;CATILLUC;3
CAJAMARCA;SAN MIGUEL;EL PRADO;3
CAJAMARCA;SAN MIGUEL;LA FLORIDA;3
CAJAMARCA;SAN MIGUEL;LLAPA;3
CAJAMARCA;SAN MIGUEL;NANCHOC;3
CAJAMARCA;SAN MIGUEL;NIEPOS;3
CAJAMARCA;SAN MIGUEL;SAN GREGORIO;3
CAJAMARCA;SAN MIGUEL;SAN MIGUEL;3
CAJAMARCA;SAN MIGUEL;SAN SILVESTRE DE COCHAN;3
CAJAMARCA;SAN MIGUEL;TONGOD;3
CAJAMARCA;SAN MIGUEL;UNION AGUA BLANCA;3
CAJAMARCA;SAN PABLO;SAN BERNARDINO;2
CAJAMARCA;SAN PABLO;SAN LUIS;2
CAJAMARCA;SAN PABLO;SAN PABLO;2
CAJAMARCA;SAN PABLO;TUMBADEN;2
CAJAMARCA;SANTA CRUZ;ANDABAMBA;2
CAJAMARCA;SANTA CRUZ;CATACHE;2
CAJAMARCA;SANTA CRUZ;CHANCAYBAÑOS;2
CAJAMARCA;SANTA CRUZ;LA ESPERANZA;2
CAJAMARCA;SANTA CRUZ;NINABAMBA;2
CAJAMARCA;SANTA CRUZ;PULAN;2
CAJAMARCA;SANTA CRUZ;SANTA CRUZ;2
CAJAMARCA;SANTA CRUZ;SAUCEPAMPA;2
CAJAMARCA;SANTA CRUZ;SEXI;2
CAJAMARCA;SANTA CRUZ;UTICYACU;2
CAJAMARCA;SANTA CRUZ;YAUYUCAN;2
LA LIBERTAD;BOLIVAR;BAMBAMARCA;2
LA LIBERTAD;BOLIVAR;BOLIVAR;2
LA LIBERTAD;BOLIVAR;CONDORMARCA;2
LA LIBERTAD;BOLIVAR;LONGOTEA;2
LA LIBERTAD;BOLIVAR;UCHUMARCA;2
LA LIBERTAD;BOLIVAR;UCUNCHA;2
LA LIBERTAD;PATAZ;BULDIBUYO;2
LA LIBERTAD;PATAZ;CHILLIA;2
LA LIBERTAD;PATAZ;HUANCASPATA;2
LA LIBERTAD;PATAZ;HUAYLILLAS;2
LA LIBERTAD;PATAZ;HUAYO;2
LA LIBERTAD;PATAZ;ONGON;2
LA LIBERTAD;PATAZ;PARCOY;2
LA LIBERTAD;PATAZ;PATAZ;2
LA LIBERTAD;PATAZ;PIAS;2
LA LIBERTAD;PATAZ;SANTIAGO DE CHALLAS;2
LA LIBERTAD;PATAZ;TAURIJA;2
LA LIBERTAD;PATAZ;TAYABAMBA;2
LA LIBERTAD;PATAZ;URPAY;2
LA LIBERTAD;SANCHEZ CARRION;COCHORCO;2
LA LIBERTAD;SANCHEZ CARRION;SARTIMBAMBA;2
LA LIBERTAD;SANCHEZ CARRION;CHUGAY;3
LA LIBERTAD;SANCHEZ CARRION;CURGOS;3
LA LIBERTAD;SANCHEZ CARRION;HUAMACHUCO;3
LA LIBERTAD;SANCHEZ CARRION;MARCABAL;3
LA LIBERTAD;SANCHEZ CARRION;SANAGORAN;3
LA LIBERTAD;SANCHEZ CARRION;SARIN;3
LA LIBERTAD;SANTIAGO DE CHUCO;ANGASMARCA;3
LA LIBERTAD;SANTIAGO DE CHUCO;CACHICADAN;3
LA LIBERTAD;SANTIAGO DE CHUCO;MOLLEBAMBA;3
LA LIBERTAD;SANTIAGO DE CHUCO;MOLLEPATA;3
LA LIBERTAD;SANTIAGO DE CHUCO;QUIRUVILCA;3
LA LIBERTAD;SANTIAGO DE CHUCO;SANTA CRUZ DE CHUCA;3
LA LIBERTAD;SANTIAGO DE CHUCO;SANTIAGO DE CHUCO;3
LA LIBERTAD;SANTIAGO DE CHUCO;SITABAMBA;3
LA LIBERTAD;GRAN CHIMU;CASCAS;3
LA LIBERTAD;GRAN CHIMU;LUCMA;3
LA LIBERTAD;GRAN CHIMU;MARMOT;3
LA LIBERTAD;GRAN CHIMU;SAYAPULLO;3
LA LIBERTAD;JULCAN;CALAMARCA;3
LA LIBERTAD;JULCAN;CARABAMBA;3
LA LIBERTAD;JULCAN;HUASO;3
LA LIBERTAD;JULCAN;JULCAN;3
LA LIBERTAD;OTUZCO;AGALLPAMPA;3
LA LIBERTAD;OTUZCO;CHARAT;3
LA LIBERTAD;OTUZCO;HUARANCHAL;3
LA LIBERTAD;OTUZCO;LA CUESTA;3
LA LIBERTAD;OTUZCO;MACHE;3
LA LIBERTAD;OTUZCO;OTUZCO;3
LA LIBERTAD;OTUZCO;PARANDAY;3
LA LIBERTAD;OTUZCO;SALPO;3
LA LIBERTAD;OTUZCO;SINSICAP;3
LA LIBERTAD;OTUZCO;USQUIL;3
LA LIBERTAD;CHEPEN;CHEPEN;4
LA LIBERTAD;CHEPEN;PACANGA;4
LA LIBERTAD;CHEPEN;PUEBLO NUEVO;4
LA LIBERTAD;ASCOPE;ASCOPE;4
LA LIBERTAD;ASCOPE;CASA GRANDE;4
LA LIBERTAD;ASCOPE;CHICAMA;4
LA LIBERTAD;ASCOPE;CHOCOPE;4
LA LIBERTAD;ASCOPE;MAGDALENA DE CAO;4
LA LIBERTAD;ASCOPE;PAIJAN;4
LA LIBERTAD;ASCOPE;RAZURI;4
LA LIBERTAD;ASCOPE;SANTIAGO DE CAO;4
LA LIBERTAD;PACASMAYO;GUADALUPE;4
LA LIBERTAD;PACASMAYO;JEQUETEPEQUE;4
LA LIBERTAD;PACASMAYO;PACASMAYO;4
LA LIBERTAD;PACASMAYO;SAN JOSE;4
LA LIBERTAD;PACASMAYO;SAN PEDRO DE LLOC;4
LA LIBERTAD;TRUJILLO;EL PORVENIR;4
LA LIBERTAD;TRUJILLO;FLORENCIA DE MORA;4
LA LIBERTAD;TRUJILLO;HUANCHACO;4
LA LIBERTAD;TRUJILLO;LA ESPERANZA;4
LA LIBERTAD;TRUJILLO;LAREDO;4
LA LIBERTAD;TRUJILLO;MOCHE;4
LA LIBERTAD;TRUJILLO;POROTO;4
LA LIBERTAD;TRUJILLO;SALAVERRY;4
LA LIBERTAD;TRUJILLO;SIMBAL;4
LA LIBERTAD;TRUJILLO;TRUJILLO;4
LA LIBERTAD;TRUJILLO;VICTOR LARCO HERRERA;4
LA LIBERTAD;VIRU;CHAO;4
LA LIBERTAD;VIRU;GUADALUPITO;4
LA LIBERTAD;VIRU;VIRU;4
HUARAZ;ANTONIO RAYMONDI;CHACCHO;2
HUARAZ;ANTONIO RAYMONDI;CHINGA;2
HUARAZ;ANTONIO RAYMONDI;LLAMELLIN;2
HUARAZ;ANTONIO RAYMONDI;ACZO;3
HUARAZ;ANTONIO RAYMONDI;MIRGAS;3
HUARAZ;ANTONIO RAYMONDI;SAN JUAN DE RONTOY;3
HUARAZ;HUARI;ANRA;2
HUARAZ;HUARI;HUACACHI;2
HUARAZ;HUARI;HUACCHIS;2
HUARAZ;HUARI;PAUCAS;2
HUARAZ;HUARI;RAPAYAN;2
HUARAZ;HUARI;UCO;2
HUARAZ;HUARI;CAJAY;3
HUARAZ;HUARI;CHAVIN DE HUANTAR;3
HUARAZ;HUARI;HUACHIS;3
HUARAZ;HUARI;HUANTAR;3
HUARAZ;HUARI;HUARI;3
HUARAZ;HUARI;MASIN;3
HUARAZ;HUARI;PONTO;3
HUARAZ;HUARI;RAHUAPAMPA;3
HUARAZ;HUARI;SAN MARCOS;3
HUARAZ;HUARI;SAN PEDRO DE CHANA;3
HUARAZ;ASUNCION;ACOCHACA;3
HUARAZ;ASUNCION;CHACAS;3
HUARAZ;CARHUAZ;ACOPAMPA;3
HUARAZ;CARHUAZ;AMASHCA;3
HUARAZ;CARHUAZ;ANTA;3
HUARAZ;CARHUAZ;ATAQUERO;3
HUARAZ;CARHUAZ;CARHUAZ;3
HUARAZ;CARHUAZ;MARCARA;3
HUARAZ;CARHUAZ;PARIAHUANCA;3
HUARAZ;CARHUAZ;SAN MIGUEL DE ACO;3
HUARAZ;CARHUAZ;SHILLA;3
HUARAZ;CARHUAZ;TINCO;3
HUARAZ;CARHUAZ;YUNGAR;3
HUARAZ;CARLOS F. FITZCARRALD;SAN LUIS;3
HUARAZ;CARLOS F. FITZCARRALD;SAN NICOLAS;3
HUARAZ;CARLOS F. FITZCARRALD;YAUYA;3
HUARAZ;CORONGO;ACO;3
HUARAZ;CORONGO;BAMBAS;3
HUARAZ;CORONGO;CORONGO;3
HUARAZ;CORONGO;CUSCA;3
HUARAZ;CORONGO;LA PAMPA;3
HUARAZ;CORONGO;YANAC;3
HUARAZ;CORONGO;YUPAN;3
HUARAZ;MARISCAL LUZURIAGA;CASCA;3
HUARAZ;MARISCAL LUZURIAGA;ELEAZAR GUZMAN BARRON;3
HUARAZ;MARISCAL LUZURIAGA;FIDEL OLIVAS ESCUDERO;3
HUARAZ;MARISCAL LUZURIAGA;LLAMA;3
HUARAZ;MARISCAL LUZURIAGA;LLUMPA;3
HUARAZ;MARISCAL LUZURIAGA;LUCMA;3
HUARAZ;MARISCAL LUZURIAGA;MUSGA;3
HUARAZ;MARISCAL LUZURIAGA;PISCOBAMBA;3
HUARAZ;PALLASCA;BOLOGNESI;3
HUARAZ;PALLASCA;CABANA;3
HUARAZ;PALLASCA;CONCHUCOS;3
HUARAZ;PALLASCA;HUACASCHUQUE;3
HUARAZ;PALLASCA;HUANDOVAL;3
HUARAZ;PALLASCA;LACABAMBA;3
HUARAZ;PALLASCA;LLAPO;3
HUARAZ;PALLASCA;PALLASCA;3
HUARAZ;PALLASCA;PAMPAS;3
HUARAZ;PALLASCA;SANTA ROSA;3
HUARAZ;PALLASCA;TAUCA;3
HUARAZ;POMABAMBA;HUAYLLAN;3
HUARAZ;POMABAMBA;PAROBAMBA;3
HUARAZ;POMABAMBA;POMABAMBA;3
HUARAZ;POMABAMBA;QUINUABAMBA;3
HUARAZ;SIHUAS;ACOBAMBA;3
HUARAZ;SIHUAS;ALFONSO UGARTE;3
HUARAZ;SIHUAS;CASHAPAMPA;3
HUARAZ;SIHUAS;CHINGALPO;3
HUARAZ;SIHUAS;HUAYLLABAMBA;3
HUARAZ;SIHUAS;QUICHES;3
HUARAZ;SIHUAS;RAGASH;3
HUARAZ;SIHUAS;SAN JUAN;3
HUARAZ;SIHUAS;SICSIBAMBA;3
HUARAZ;SIHUAS;SIHUAS;3
HUARAZ;HUAYLAS;CARAZ;3
HUARAZ;HUAYLAS;HUALLANCA;3
HUARAZ;HUAYLAS;HUATA;3
HUARAZ;HUAYLAS;HUAYLAS;3
HUARAZ;HUAYLAS;MATO;3
HUARAZ;HUAYLAS;PAMPAROMAS;3
HUARAZ;HUAYLAS;PUEBLO LIBRE;3
HUARAZ;HUAYLAS;SANTA CRUZ;3
HUARAZ;HUAYLAS;SANTO TORIBIO;3
HUARAZ;HUAYLAS;YURACMARCA;3
HUARAZ;YUNGAY;CASCAPARA;3
HUARAZ;YUNGAY;MANCOS;3
HUARAZ;YUNGAY;MATACOTO;3
HUARAZ;YUNGAY;QUILLO;3
HUARAZ;YUNGAY;RANRAHIRCA;3
HUARAZ;YUNGAY;SHUPLUY;3
HUARAZ;YUNGAY;YANAMA;3
HUARAZ;YUNGAY;YUNGAY;3
HUARAZ;HUARAZ;COCHABAMBA;3
HUARAZ;HUARAZ;COLCABAMBA;3
HUARAZ;HUARAZ;HUANCHAY;3
HUARAZ;HUARAZ;HUARAZ;3
HUARAZ;HUARAZ;INDEPENDENCIA;3
HUARAZ;HUARAZ;JANGAS;3
HUARAZ;HUARAZ;LA LIBERTAD;3
HUARAZ;HUARAZ;OLLEROS;3
HUARAZ;HUARAZ;PAMPAS;3
HUARAZ;HUARAZ;PARIACOTO;3
HUARAZ;HUARAZ;PIRA;3
HUARAZ;HUARAZ;TARICA;3
HUARAZ;BOLOGNESI;ABELARDO PARDO LEZAMETA;3
HUARAZ;BOLOGNESI;ANTONIO RAYMONDI;3
HUARAZ;BOLOGNESI;AQUIA;3
HUARAZ;BOLOGNESI;CAJACAY;3
HUARAZ;BOLOGNESI;CANIS;3
HUARAZ;BOLOGNESI;CHIQUIAN;3
HUARAZ;BOLOGNESI;COLQUIOC;3
HUARAZ;BOLOGNESI;HUALLANCA;3
HUARAZ;BOLOGNESI;HUASTA;3
HUARAZ;BOLOGNESI;HUAYLLACAYAN;3
HUARAZ;BOLOGNESI;LA PRIMAVERA;3
HUARAZ;BOLOGNESI;MANGAS;3
HUARAZ;BOLOGNESI;PACLLON;3
HUARAZ;BOLOGNESI;SAN MIGUEL DE CORPANQUI;3
HUARAZ;BOLOGNESI;TICLLOS;3
HUARAZ;RECUAY;CATAC;3
HUARAZ;RECUAY;COTAPARACO;3
HUARAZ;RECUAY;HUAYLLAPAMPA;3
HUARAZ;RECUAY;LLACLLIN;3
HUARAZ;RECUAY;MARCA;3
HUARAZ;RECUAY;PAMPAS CHICO;3
HUARAZ;RECUAY;PARARIN;3
HUARAZ;RECUAY;RECUAY;3
HUARAZ;RECUAY;TAPACOCHA;3
HUARAZ;RECUAY;TICAPAMPA;3
HUARAZ;AIJA;AIJA;3
HUARAZ;AIJA;CORIS;3
HUARAZ;AIJA;LA MERCED;4
HUARAZ;AIJA;HUACLLAN;4
HUARAZ;AIJA;SUCCHA;4
HUARAZ;OCROS;ACAS;3
HUARAZ;OCROS;CAJAMARQUILLA;3
HUARAZ;OCROS;CARHUAPAMPA;3
HUARAZ;OCROS;CONGAS;3
HUARAZ;OCROS;LLIPA;3
HUARAZ;OCROS;OCROS;3
HUARAZ;OCROS;S. CRISTOBAL DE RAJAN;3
HUARAZ;OCROS;SANTIAGO DE CHILCAS;3
HUARAZ;OCROS;COCHAS;4
HUARAZ;OCROS;SAN PEDRO;4
HUARAZ;HUARMEY;COCHAPETI;3
HUARAZ;HUARMEY;HUAYAN;3
HUARAZ;HUARMEY;MALVAS;3
HUARAZ;HUARMEY;CULEBRAS;4
HUARAZ;HUARMEY;HUARMEY;4
HUARAZ;SANTA;CACERES DEL PERU;3
HUARAZ;SANTA;MACATE;3
HUARAZ;SANTA;MORO;3
HUARAZ;SANTA;CHIMBOTE;4
HUARAZ;SANTA;COISHCO;4
HUARAZ;SANTA;NEPEÑA;4
HUARAZ;SANTA;NUEVO CHIMBOTE;4
HUARAZ;SANTA;SAMANCO;4
HUARAZ;SANTA;SANTA;4
HUARAZ;CASMA;BUENA VISTA ALTA;4
HUARAZ;CASMA;CASMA;4
HUARAZ;CASMA;COMANDANTE NOEL;4
HUARAZ;CASMA;YAUTAN;4
LIMA;CAJATAMBO;CAJATAMBO;3
LIMA;CAJATAMBO;COPA;3
LIMA;CAJATAMBO;GORGOR;3
LIMA;CAJATAMBO;HUACAPON;3
LIMA;CAJATAMBO;MANAS;3
LIMA;OYON;ANDAJES;3
LIMA;OYON;CAUJUL;3
LIMA;OYON;COCHAMARCA;3
LIMA;OYON;NAVAN;3
LIMA;OYON;OYON;3
LIMA;OYON;PACHANGARA;3
LIMA;YAUYOS;ALIS;3
LIMA;YAUYOS;AYAUCA;3
LIMA;YAUYOS;AYAVIRI;3
LIMA;YAUYOS;AZANGARO;3
LIMA;YAUYOS;CACRA;3
LIMA;YAUYOS;CARANIA;3
LIMA;YAUYOS;CATAHUASI;3
LIMA;YAUYOS;CHOCOS;3
LIMA;YAUYOS;COCHAS;3
LIMA;YAUYOS;COLONIA;3
LIMA;YAUYOS;HONGOS;3
LIMA;YAUYOS;HUAMPARA;3
LIMA;YAUYOS;HUANCAYA;3
LIMA;YAUYOS;HUANGASCAR;3
LIMA;YAUYOS;HUANTAN;3
LIMA;YAUYOS;HUAÑEC;3
LIMA;YAUYOS;LARAOS;3
LIMA;YAUYOS;LINCHA;3
LIMA;YAUYOS;MADEAN;3
LIMA;YAUYOS;MIRAFLORES;3
LIMA;YAUYOS;QUINCHES;3
LIMA;YAUYOS;SAN JOAQUIN;3
LIMA;YAUYOS;SAN LORENZO DE PUTINZA;3
LIMA;YAUYOS;SAN PEDRO DE PILAS TANTA;3
LIMA;YAUYOS;TOMAS;3
LIMA;YAUYOS;TUPE;3
LIMA;YAUYOS;VIÑAC;3
LIMA;YAUYOS;VITIS;3
LIMA;YAUYOS;YAUYOS;3
LIMA;YAUYOS;OMAS;4
LIMA;YAUYOS;QUINOCAY;4
LIMA;YAUYOS;TAURIPAMPA;4
LIMA;HUAROCHIRI;CALLAHUANCA;3
LIMA;HUAROCHIRI;CARAMPOMA;3
LIMA;HUAROCHIRI;CHICLA;3
LIMA;HUAROCHIRI;HUACHUPAMPA;3
LIMA;HUAROCHIRI;HUANZA;3
LIMA;HUAROCHIRI;HUAROCHIRI;3
LIMA;HUAROCHIRI;LAHUAYTAMBO;3
LIMA;HUAROCHIRI;LANGA;3
LIMA;HUAROCHIRI;LARAOS;3
LIMA;HUAROCHIRI;MATUCANA;3
LIMA;HUAROCHIRI;SAN ANDRES DE TUPICOCHA;3
LIMA;HUAROCHIRI;SAN BARTOLOME;3
LIMA;HUAROCHIRI;SAN DAMIAN;3
LIMA;HUAROCHIRI;S. JERONIMO DE SURCO;3
LIMA;HUAROCHIRI;SAN JUAN DE IRIS;3
LIMA;HUAROCHIRI;SAN JUAN DE TANTARANCHE;3
LIMA;HUAROCHIRI;SAN LORENZO DE QUINTI;3
LIMA;HUAROCHIRI;SAN MATEO;3
LIMA;HUAROCHIRI;SAN MATEO DE OTAO;3
LIMA;HUAROCHIRI;SAN PEDRO DE CASTA;3
LIMA;HUAROCHIRI;SAN PEDRO DE HUANCAYRE;3
LIMA;HUAROCHIRI;SANGALLAYA;3
LIMA;HUAROCHIRI;SANTA CRUZ DE COCACHACRA;3
LIMA;HUAROCHIRI;SANTIAGO DE ANCHUCAYA;3
LIMA;HUAROCHIRI;SANTIAGO DE TUNA;3
LIMA;HUAROCHIRI;ANTIOQUIA;4
LIMA;HUAROCHIRI;CUENCA;4
LIMA;HUAROCHIRI;MARIATANA;4
LIMA;HUAROCHIRI;RICARDO PALMA;4
LIMA;HUAROCHIRI;SAN ANTONIO DE CHACLLA;4
LIMA;HUAROCHIRI;SANTA EULALIA;4
LIMA;HUAROCHIRI;SANTO DOMINGO DE OLLEROS;4
LIMA;CANTA;CANTA;3
LIMA;CANTA;HUAROS;3
LIMA;CANTA;LACHAQUI;3
LIMA;CANTA;SAN BUENAVENTURA;3
LIMA;CANTA;ARAHUAY;4
LIMA;CANTA;HUAMANTANGA;4
LIMA;CANTA;SANTA ROSA DE QUIVES;4
LIMA;HUARAL;ATAVILLOS ALTO;3
LIMA;HUARAL;ATAVILLOS BAJO;3
LIMA;HUARAL;IHUARI;3
LIMA;HUARAL;LAMPIAN;3
LIMA;HUARAL;PACARAOS;3
LIMA;HUARAL;SAN MIGUEL DE ACOS;3
LIMA;HUARAL;SANTA CRUZ DE ANDAMARCA;3
LIMA;HUARAL;SUMBILCA;3
LIMA;HUARAL;VEINTISIETE DE NOVIEMBRE;3
LIMA;HUARAL;AUCALLAMA;4
LIMA;HUARAL;CHANCAY;4
LIMA;HUARAL;HUARAL;4
LIMA;HUAURA;CHECRAS;3
LIMA;HUAURA;LEONCIO PRADO;3
LIMA;HUAURA;PACCHO;3
LIMA;HUAURA;SANTA LEONOR;3
LIMA;HUAURA;AMBAR;4
LIMA;HUAURA;CALETA DE CARQUIN;4
LIMA;HUAURA;HUACHO;4
LIMA;HUAURA;HUALMAY;4
LIMA;HUAURA;HUAURA;4
LIMA;HUAURA;SANTA MARIA;4
LIMA;HUAURA;SAYAN;4
LIMA;HUAURA;VEGUETA;4
LIMA;CAÑETE;ZUÑIGA;3
LIMA;CAÑETE;ASIA;4
LIMA;CAÑETE;CALANGO;4
LIMA;CAÑETE;CERRO AZUL;4
LIMA;CAÑETE;CHILCA;4
LIMA;CAÑETE;COAYLLO;4
LIMA;CAÑETE;IMPERIAL;4
LIMA;CAÑETE;LUNAHUANA;4
LIMA;CAÑETE;MALA;4
LIMA;CAÑETE;NUEVO IMPERIAL;4
LIMA;CAÑETE;PACARAN;4
LIMA;CAÑETE;QUILMANA;4
LIMA;CAÑETE;SAN ANTONIO;4
LIMA;CAÑETE;SAN LUIS;4
LIMA;CAÑETE;SAN VICENTE DE CAÑETE;4
LIMA;CAÑETE;SANTA CRUZ DE FLORES;4
LIMA;BARRANCA;BARRANCA;4
LIMA;BARRANCA;PARAMONGA;4
LIMA;BARRANCA;PATIVILCA;4
LIMA;BARRANCA;SUPE;4
LIMA;BARRANCA;SUPE PUERTO;4
LIMA;LIMA;ANCON;4
LIMA;LIMA;ATE;4
LIMA;LIMA;BARRANCO;4
LIMA;LIMA;BREÑA;4
LIMA;LIMA;CARABAYLLO;4
LIMA;LIMA;CHACLACAYO;4
LIMA;LIMA;CHORRILLOS;4
LIMA;LIMA;CIENEGUILLA;4
LIMA;LIMA;COMAS;4
LIMA;LIMA;EL AGUSTINO;4
LIMA;LIMA;INDEPENDENCIA;4
LIMA;LIMA;JESUS MARIA;4
LIMA;LIMA;LA MOLINA;4
LIMA;LIMA;LA VICTORIA;4
LIMA;LIMA;LIMA;4
LIMA;LIMA;LINCE;4
LIMA;LIMA;LOS OLIVOS;4
LIMA;LIMA;LURIGANCHO- CHOSICA;4
LIMA;LIMA;LURIN;4
LIMA;LIMA;MAGDALENA DEL MAR;4
LIMA;LIMA;MIRAFLORES;4
LIMA;LIMA;PACHACAMAC;4
LIMA;LIMA;PUCUSANA;4
LIMA;LIMA;PUEBLO LIBRE;4
LIMA;LIMA;PUENTE PIEDRA;4
LIMA;LIMA;PUNTA HERMOSA;4
LIMA;LIMA;PUNTA NEGRA;4
LIMA;LIMA;RIMAC;4
LIMA;LIMA;SAN BARTOLO;4
LIMA;LIMA;SAN BORJA;4
LIMA;LIMA;SAN ISIDRO;4
LIMA;LIMA;SAN JUAN DE LURIGANCHO;4
LIMA;LIMA;SAN JUAN DE MIRAFLORES;4
LIMA;LIMA;SAN LUIS;4
LIMA;LIMA;SAN MARTIN DE PORRES;4
LIMA;LIMA;SAN MIGUEL;4
LIMA;LIMA;SANTA ANITA;4
LIMA;LIMA;SANTA MARIA DEL MAR;4
LIMA;LIMA;SANTA ROSA;4
LIMA;LIMA;SANTIAGO DE SURCO;4
LIMA;LIMA;SURQUILLO;4
LIMA;LIMA;VILLA EL SALVADOR;4
LIMA;LIMA;VILLA MARIA DEL TRIUNFO;4
LIMA;CALLAO;BELLAVISTA;4
LIMA;CALLAO;CALLAO;4
LIMA;CALLAO;CARMEN DE LA LEGUA-REYNOSO;4
LIMA;CALLAO;LA PERLA;4
LIMA;CALLAO;LA PUNTA;4
LIMA;CALLAO;VENTANILLA;4
ICA;CHINCHA;SAN PEDRO DE HUACARPANA;3
ICA;CHINCHA;ALTO LARAN;4
ICA;CHINCHA;CHAVIN;4
ICA;CHINCHA;CHINCHA ALTA;4
ICA;CHINCHA;CHINCHA BAJA;4
ICA;CHINCHA;EL CARMEN;4
ICA;CHINCHA;GROCIO PRADO;4
ICA;CHINCHA;PUEBLO NUEVO;4
ICA;CHINCHA;SAN JUAN DE YANAC;4
ICA;CHINCHA;SUNAMPE;4
ICA;CHINCHA;TAMBO DE MORA;4
ICA;PALPA;LLIPATA;4
ICA;PALPA;PALPA;4
ICA;PALPA;RIO GRANDE;4
ICA;PALPA;SANTA CRUZ;4
ICA;PALPA;TIBILLO;4
ICA;ICA;ICA;4
ICA;ICA;LA TINGUIÑA;4
ICA;ICA;LOS AQUIJES;4
ICA;ICA;OCUCAJE;4
ICA;ICA;PACHACUTEC;4
ICA;ICA;PARCONA;4
ICA;ICA;PUEBLO NUEVO;4
ICA;ICA;SALAS;4
ICA;ICA;SAN JOSE DE LOS MOLINOS;4
ICA;ICA;SAN JUAN BAUTISTA;4
ICA;ICA;SANTIAGO;4
ICA;ICA;SUBTANJALLA;4
ICA;ICA;TATE;4
ICA;ICA;YAUCA DEL ROSARIO;4
ICA;NAZCA;CHANGUILLO;4
ICA;NAZCA;EL INGENIO;4
ICA;NAZCA;MARCONA;4
ICA;NAZCA;NAZCA;4
ICA;NAZCA;VISTA ALEGRE;4
ICA;PISCO;HUANCANO;4
ICA;PISCO;HUMAY;4
ICA;PISCO;INDEPENDENCIA;4
ICA;PISCO;PARACAS;4
ICA;PISCO;PISCO;4
ICA;PISCO;SAN ANDRES;4
ICA;PISCO;SAN CLEMENTE;4
ICA;PISCO;TUPAC AMARU INCA;4
AREQUIPA;LA UNION;ALCA;3
AREQUIPA;LA UNION;CHARCANA;3
AREQUIPA;LA UNION;COTAHUASI;3
AREQUIPA;LA UNION;HUAYNACOTAS;3
AREQUIPA;LA UNION;PAMPAMARCA;3
AREQUIPA;LA UNION;PUYCA;3
AREQUIPA;LA UNION;QUECHUALLA;3
AREQUIPA;LA UNION;SAYLA;3
AREQUIPA;LA UNION;TAURIA;3
AREQUIPA;LA UNION;TOMEPAMPA;3
AREQUIPA;LA UNION;TORO;3
AREQUIPA;CAYLLOMA;ACHOMA;3
AREQUIPA;CAYLLOMA;CABANACONDE;3
AREQUIPA;CAYLLOMA;CALLALLI;3
AREQUIPA;CAYLLOMA;CAYLLOMA;3
AREQUIPA;CAYLLOMA;CHIVAY;3
AREQUIPA;CAYLLOMA;COPORAQUE;3
AREQUIPA;CAYLLOMA;HUAMBO;3
AREQUIPA;CAYLLOMA;HUANCA;3
AREQUIPA;CAYLLOMA;ICHUPAMPA;3
AREQUIPA;CAYLLOMA;LARI;3
AREQUIPA;CAYLLOMA;LLUTA;3
AREQUIPA;CAYLLOMA;MACA;3
AREQUIPA;CAYLLOMA;MADRIGAL;3
AREQUIPA;CAYLLOMA;SAN ANTONIO DE CHUCA;3
AREQUIPA;CAYLLOMA;SIBAYO;3
AREQUIPA;CAYLLOMA;TAPAY;3
AREQUIPA;CAYLLOMA;TISCO;3
AREQUIPA;CAYLLOMA;TUTI;3
AREQUIPA;CAYLLOMA;YANQUE;3
AREQUIPA;CAYLLOMA;MAJES;4
AREQUIPA;CASTILLA;ANDAGUA;3
AREQUIPA;CASTILLA;AYO;3
AREQUIPA;CASTILLA;CHACHAS;3
AREQUIPA;CASTILLA;CHILCAYMARCA;3
AREQUIPA;CASTILLA;CHOCO;3
AREQUIPA;CASTILLA;MACHAGUAY;3
AREQUIPA;CASTILLA;ORCOPAMPA;3
AREQUIPA;CASTILLA;PAMPACOLCA;3
AREQUIPA;CASTILLA;TIPAN;3
AREQUIPA;CASTILLA;UÑON;3
AREQUIPA;CASTILLA;VIRACO;3
AREQUIPA;CASTILLA;APLAO;4
AREQUIPA;CASTILLA;HUANCARQUI;4
AREQUIPA;CASTILLA;URACA;4
AREQUIPA;AREQUIPA;ALTO SELVA ALEGRE;3
AREQUIPA;AREQUIPA;AREQUIPA;3
AREQUIPA;AREQUIPA;CAYMA;3
AREQUIPA;AREQUIPA;CERRO COLORADO;3
AREQUIPA;AREQUIPA;CHARACATO;3
AREQUIPA;AREQUIPA;CHIGUATA;3
AREQUIPA;AREQUIPA;JACOBO HUNTER;3
AREQUIPA;AREQUIPA;JOSE LUIS BUSTAMANTE Y RIVERO;3
AREQUIPA;AREQUIPA;MARIANO MELGAR;3
AREQUIPA;AREQUIPA;MIRAFLORES;3
AREQUIPA;AREQUIPA;MOLLEBAYA;3
AREQUIPA;AREQUIPA;PAUCARPATA;3
AREQUIPA;AREQUIPA;POCSI;3
AREQUIPA;AREQUIPA;QUEQUEÑA;3
AREQUIPA;AREQUIPA;SABANDIA;3
AREQUIPA;AREQUIPA;SACHACA;3
AREQUIPA;AREQUIPA;SAN JUAN DE TARUCANI;3
AREQUIPA;AREQUIPA;SOCABAYA;3
AREQUIPA;AREQUIPA;TIABAYA;3
AREQUIPA;AREQUIPA;YANAHUARA;3
AREQUIPA;AREQUIPA;YURA;3
AREQUIPA;AREQUIPA;LA JOYA;4
AREQUIPA;AREQUIPA;POLOBAYA;4
AREQUIPA;AREQUIPA;SAN JUAN DE SIGUAS;4
AREQUIPA;AREQUIPA;SANTA ISABEL DE SIGUAS;4
AREQUIPA;AREQUIPA;SANTA RITA DE SIGUAS;4
AREQUIPA;AREQUIPA;UCHUMAYO;4
AREQUIPA;AREQUIPA;VITOR;4
AREQUIPA;AREQUIPA;YARABAMBA;4
AREQUIPA;CONDESUYOS;CAYARANI;3
AREQUIPA;CONDESUYOS;CHICHAS;3
AREQUIPA;CONDESUYOS;SALAMANCA;3
AREQUIPA;CONDESUYOS;ANDARAY;4
AREQUIPA;CONDESUYOS;CHUQUIBAMBA;4
AREQUIPA;CONDESUYOS;IRAY;4
AREQUIPA;CONDESUYOS;RIO GRANDE;4
AREQUIPA;CONDESUYOS;YANAQUIHUA;4
AREQUIPA;ISLAY;COCACHACRA DEAN VALDIVIA ISLAY;4
AREQUIPA;ISLAY;MEJIA MOLLENDO;4
AREQUIPA;ISLAY;PUNTA DE BOMBON;4
AREQUIPA;CAMANA;CAMANA;4
AREQUIPA;CAMANA;JOSE MARIA QUIMPER;4
AREQUIPA;CAMANA;MARIANO NICOLAS VALCARCEL;4
AREQUIPA;CAMANA;MARISCAL CACERES;4
AREQUIPA;CAMANA;NICOLAS DE PIEROLA;4
AREQUIPA;CAMANA;OCOÑA;4
AREQUIPA;CAMANA;QUILCA;4
AREQUIPA;CAMANA;SAMUEL PASTOR;4
AREQUIPA;CARAVELI;ACARI;4
AREQUIPA;CARAVELI;ATICO;4
AREQUIPA;CARAVELI;ATIQUIPA;4
AREQUIPA;CARAVELI;BELLA UNION;4
AREQUIPA;CARAVELI;CAHUACHO;4
AREQUIPA;CARAVELI;CARAVELI;4
AREQUIPA;CARAVELI;CHALA;4
AREQUIPA;CARAVELI;CHAPARRA;4
AREQUIPA;CARAVELI;HUANUHUANU;4
AREQUIPA;CARAVELI;JAQUI;4
AREQUIPA;CARAVELI;LOMAS;4
AREQUIPA;CARAVELI;QUICACHA;4
AREQUIPA;CARAVELI;YAUCA;4
MOQUEGUA;GENERAL SANCHEZ CERRO;CHOJATA;3
MOQUEGUA;GENERAL SANCHEZ CERRO;COALAQUE;3
MOQUEGUA;GENERAL SANCHEZ CERRO;ICHUÑA;3
MOQUEGUA;GENERAL SANCHEZ CERRO;LLOQUE;3
MOQUEGUA;GENERAL SANCHEZ CERRO;MATALAQUE;3
MOQUEGUA;GENERAL SANCHEZ CERRO;OMATE;3
MOQUEGUA;GENERAL SANCHEZ CERRO;PUQUINA;3
MOQUEGUA;GENERAL SANCHEZ CERRO;QUINISTAQUILLAS;3
MOQUEGUA;GENERAL SANCHEZ CERRO;UBINAS;3
MOQUEGUA;GENERAL SANCHEZ CERRO;YUNGA;3
MOQUEGUA;GENERAL SANCHEZ CERRO;LA CAPILLA;4
MOQUEGUA;MARISCAL NIETO;CARUMAS;3
MOQUEGUA;MARISCAL NIETO;CUCHUMBAYA;3
MOQUEGUA;MARISCAL NIETO;SAMEGUA;3
MOQUEGUA;MARISCAL NIETO;SAN CRISTOBAL DE CALACOA;3
MOQUEGUA;MARISCAL NIETO;TORATA;3
MOQUEGUA;MARISCAL NIETO;MOQUEGUA;4
MOQUEGUA;ILO;EL AGARROBAL;4
MOQUEGUA;ILO;PACOCHA;4
MOQUEGUA;ILO;ILO;4
TACNA;TARATA;CHUCATAMANI;3
TACNA;TARATA;ESTIQUE;3
TACNA;TARATA;ESTIQUE-PAMPA;3
TACNA;TARATA;SITAJARA;3
TACNA;TARATA;SUSAPAYA;3
TACNA;TARATA;TARATA;3
TACNA;TARATA;TARUCACHI;3
TACNA;TARATA;TICACO;3
TACNA;CANDARAVE;CAIRANI;3
TACNA;CANDARAVE;CAMILACA;3
TACNA;CANDARAVE;CANDARAVE;3
TACNA;CANDARAVE;CURIBAYA;3
TACNA;CANDARAVE;HUANUARA;3
TACNA;CANDARAVE;QUILAHUANI;3
TACNA;JORGE BASADRE;ILABAYA;4
TACNA;JORGE BASADRE;ITE;4
TACNA;JORGE BASADRE;LOCUMBA;4
TACNA;TACNA;PALCA;3
TACNA;TACNA;ALTO DE LA ALIANZA;4
TACNA;TACNA;CALANA;4
TACNA;TACNA;CIUDAD NUEVA;4
TACNA;TACNA;INCLAN;4
TACNA;TACNA;PACHIA;4
TACNA;TACNA;POCOLLAY;4
TACNA;TACNA;SAMA;4
TACNA;TACNA;TACNA;4
TACNA;TACNA;LA YARADA LOS PALOS;4
